price_level,postal_code,lon,price_range,website,menu,special_diets,url,region,features,opening_hours,lat,rating,tags,street,cuisines,city
$$$$,,114.16018700000001,£24 - £118,http://www.ritzncarlton.com/en/Properties/HongKAong/Ddining/Ddefault.htm8?utm_source=tripadvisori&utm_medium=referral,,,https://www.tripadvisor.com/Restaurant_Review-g294217-d2198231-Reviews-OZONE-Hong_Kong.html,,"Outdoor Seating, Seating, Parking Available, Validated Parking, Valet Parking, Serves Alcohol, Full Bar, Accepts American Express, Accepts Mastercard, Accepts Visa, Free Wifi, Reservations, Wheelchair Accessible, Accepts Credit Cards, Table Service, Wine and Beer, Live Music",,22.303398,4.5,All reviews ; brunch ; tapas ; highest bar in the world ; the ritz carlton ; dom perignon ; clear night ; icc building ; view of hong kong ; great drinks ; spectacular views ; rooftop bar ; light show ; top floor ; victoria harbour ; free flow ; visiting hong kong ; jd ; ,"No.1 Austin Road West International Commerce Centre,",Bar,
$,,,,http://www.timhowan.com/?utm_source=tripadvisori&utm_medium=referral,,,https://www.tripadvisor.com/Restaurant_Review-g294217-d1745792-Reviews-Tim_Ho_Wan_the_Dim_Sum_Specialists-Hong_Kong.html,,"Takeout, Seating, Table Service","Sun - Sat
10:00 AM - 9:30 PM",,4.0,All reviews ; pork buns ; dim sum ; char siu bao ; turnip cake ; cakes ; shrimp ; sticky rice ; spring rolls ; pastry ; fries ; michelin star ; olympian city ; worth the wait ; sham shui po ; chicken feet ; queue number ; order form ; ,"Shop 72, G/F, Olympian City 2, 18 Hoi Ting Road, Tai Kok Tsui Olympian City Mall","Chinese, Asian",
$$$$,,114.16991399999999,£19 - £100,http://www.aq_ua.com.hk/?utm_source=tripadvisori&utm_medium=referral,,,https://www.tripadvisor.com/Restaurant_Review-g294217-d779644-Reviews-Aqua_Roma_Aqua_Tokyo_Aqua_Spirit-Hong_Kong.html,,"Reservations, Private Dining, Seating, Serves Alcohol, Full Bar, Free Wifi, Accepts Credit Cards, Table Service","Sun - Sat
12:00 PM - 3:00 PM
6:00 PM - 11:00 PM",22.296136999999998,4.5,All reviews ; brunch ; dessert platter ; sushi ; tempura ; cod ; tasting menu ; pasta ; wagyu beef ; truffle ; light show ; laser show ; peking road ; window table ; the hong kong skyline ; special occasion ; spectacular views ; victoria harbour ; ,"29/F & 30/F, 1 Peking Road, Tsim Sha Tsui","Italian, Japanese, European, Asian, Sushi",
$,,114.16925,,,,,https://www.tripadvisor.com/Restaurant_Review-g294217-d2540306-Reviews-One_Dim_Sum_Chinese_Restaurant-Hong_Kong.html,,"Takeout, Seating, Table Service","Mon - Fri
10:00 AM - 12:00 AM
Sat - Sun
9:00 AM - 12:00 AM",22.325438000000002,4.5,All reviews ; dim sum ; mango custard ; siew mai ; shrimp dumplings ; sticky rice ; spring rolls ; pork ; cheung fun ; fries ; cakes ; prince edward station ; flower market ; worth the wait ; playing field road ; queue number ; ordered dishes ; long queue ; ,G/F 209A-209B Tung Choi Street Prince Edward,Chinese,
$$ - $$$,,114.18623400000001,,http://www.dintaifung.com.tw/en/areaA_a_detail.asp?AreaNO=208&AreaCountryNO=4&utm_source=tripadvisori&utm_medium=referral,,,https://www.tripadvisor.com/Restaurant_Review-g294217-d2706744-Reviews-Din_Tai_Fung_Yee_Wo_Branch-Hong_Kong.html,,"Takeout, Seating, Highchairs Available, Wheelchair Accessible, Serves Alcohol, Accepts Credit Cards, Table Service","Sun - Sat
11:30 AM - 10:00 PM",22.27927,4.5,All reviews ; dumplings ; xiao long bao ; dim sum ; xiaolongbao ; pork ; drunken chicken ; hot and sour soup ; truffle ; shrimp ; rice ; causeway bay ; regal hotel ; michelin star ; efficient service ; wait for a table ; worth the wait ; long queue ; ,"No.68 Yee Wo Street, Causeway Bay","Chinese, Asian, Taiwanese",
$$$$,,114.169975,£25 - £71,http://hutong.com.hk/?utm_source=tripadvisori&utm_medium=referral,,,https://www.tripadvisor.com/Restaurant_Review-g294217-d1367659-Reviews-Hutong-Hong_Kong.html,,"Reservations, Private Dining, Seating, Wheelchair Accessible, Serves Alcohol, Full Bar, Free Wifi, Accepts Credit Cards, Table Service","Sun - Sat
12:00 PM - 3:00 PM
6:00 PM - 11:00 PM",22.29615,4.0,All reviews ; brunch ; crispy lamb ; soft shell crab ; tasting menu ; prawns ; spring rolls ; pancakes ; rice ; lobster ; dim sum ; fries ; light show ; window table ; red lantern ; aqua bar ; laser show ; peking road ; ,"1 Peking Road, Tsim Sha Tsui 28/f","Chinese, Asian",
$,,114.158295,,http://www.timhowan.com/?utm_source=tripadvisori&utm_medium=referral,,,https://www.tripadvisor.com/Restaurant_Review-g294217-d2422144-Reviews-Tim_Ho_Wan_Central-Hong_Kong.html,,"Takeout, Seating, Table Service","Sun - Sat
9:00 AM - 9:00 PM",22.284927,4.0,All reviews ; pork buns ; dim sum ; turnip cake ; char siu bao ; sticky rice ; shrimp ; cakes ; cheung fun ; spring rolls ; fries ; ifc mall ; michelin star ; hong kong station ; airport express ; chicken feet ; long queue ; worth the wait ; ,"Shop 12A, Hong Kong Station Podium Level 1, IFC Mall , Central","Chinese, Asian",
$,,,£2 - £8,,,,https://www.tripadvisor.com/Restaurant_Review-g294217-d776832-Reviews-Australia_Dairy_Company-Hong_Kong.html,,,"Fri - Wed
7:30 AM - 11:00 PM",,3.5,All reviews ; macaroni ; milk pudding ; steamed egg ; ham ; french toast ; soup ; sandwich ; char siew ; fries ; breakfast set ; long queue ; english menu ; queue moves ; yee shun ; hk style ; worth the wait ; set menu ; ,"G/F, 47-49 Parkes Street, Jordan",Chinese,
$$ - $$$,,,,http://www.dintaifung.com.hk/?utm_source=tripadvisori&utm_medium=referral,,,https://www.tripadvisor.com/Restaurant_Review-g294217-d5400408-Reviews-Din_Tai_Fung_Silvercord-Hong_Kong.html,,"Takeout, Seating, Highchairs Available, Wheelchair Accessible, Serves Alcohol, Accepts Credit Cards, Table Service","Sun - Sat
11:30 AM - 10:00 PM",,4.5,All reviews ; dumplings ; xiao long bao ; dim sum ; xiaolongbao ; pork ; shrimp ; soup ; truffle ; rice ; shopping centre ; michelin star ; third floor ; spicy sauce ; efficient service ; chinese tea ; wait for a table ; top floor ; ,"3/F, Silvercord, No.30 Canton Road, Tsim Sha Tsui, Kowloon","Chinese, Asian, Taiwanese",
$$$$,,114.155731,£10 - £50,http://www.yungkee.com.hk/?utm_source=tripadvisori&utm_medium=referral,,,https://www.tripadvisor.com/Restaurant_Review-g294217-d785057-Reviews-Yung_Kee_Restaurant-Hong_Kong.html,,,"Sun - Sat
11:00 AM - 11:00 PM",22.281558999999998,3.5,All reviews ; century egg ; roast goose ; char siew ; preserved egg ; bbq pork ; fried rice ; prawns ; dim sum ; fries ; pickled ginger ; excellent roast ; crispy skin ; cantonese food ; charcoal ; signature ; tender ; pigeon ; ,32-40 Wellington Street Central,"Chinese, Asian",
$$$$,,114.17182199999999,£30 - £50,http://www.peninsula.com/en/hong-kong/hotel-fine-dining/the-lobby-afternoon-tea?utm_source=tripadvisori&utm_medium=referral,,,https://www.tripadvisor.com/Restaurant_Review-g294217-d878088-Reviews-The_Lobby_at_the_Peninsula_Hong_Kong-Hong_Kong.html,,,"Sun - Sat
10:00 AM - 12:00 AM",22.294752,4.0,All reviews ; scones ; cucumber sandwiches ; cake ; salmon ; high tea ; string quartet ; tea service ; iconic hotel ; hotel guests ; long wait ; tea set ; hot water ; queue ; hong ; decadent ; asia ; ,Salisbury Road,"European, British, International",
$$ - $$$,,114.162582,,http://www.jumbo.com.hk/eng/main.php?utm_source=tripadvisori&utm_medium=referral,,,https://www.tripadvisor.com/Restaurant_Review-g294217-d1207531-Reviews-Jumbo_Kingdom_Floating_Restaurant-Hong_Kong.html,,"Validated Parking, Serves Alcohol, Accepts American Express, Accepts Mastercard, Accepts Visa, Free Wifi, Reservations, Private Dining, Seating, Highchairs Available, Full Bar, Accepts Credit Cards, Table Service, Buffet","Sun
9:00 AM - 11:30 PM
Mon - Sat
11:00 AM - 11:30 PM",22.243668,3.5,All reviews ; dim sum ; gumbos ; dumplings ; boat ride ; aberdeen harbour ; small boat ; combo ; sampan ; floor ; mtr ; wan ; cantonese ; ,Shum Wan Pier Dr Wong Chuk Hang,"Seafood, Chinese, International, Fusion",
$$$$,,114.16606100000001,,http://www.cafegrayhk.com/?utm_source=tripadvisori&utm_medium=referral,https://www.upperhouse.com/en/~/media/Files/The_Upper_House/PDF/CGD-Menu/Cafe_Gray_Deluxe_Menu_20190619.pdf,,https://www.tripadvisor.com/Restaurant_Review-g294217-d1811943-Reviews-Cafe_Gray_Deluxe-Hong_Kong.html,,"Reservations, Private Dining, Seating, Parking Available, Validated Parking, Valet Parking, Wheelchair Accessible, Serves Alcohol, Full Bar, Free Wifi, Accepts Credit Cards, Table Service, Wine and Beer","Sun - Sat
6:30 AM - 10:30 PM",22.277157,4.5,All reviews ; brunch ; steak tartare ; sea bass ; scones ; bread ; salad ; cafe grey ; house hotel ; market menu ; top floor ; pacific place ; jw marriott ; window seat ; high tea ; views of hong kong ; victoria harbour ; special occasion ; ,"L49 The Upper House, Pacific Place, No.88 Queensway, Admiralty","International, European",
$$ - $$$,,,£25 - £35,http://bubbagump.hk/?utm_source=tripadvisori&utm_medium=referral,http://bubbagump.hk/docs/menus/menu1.pdf,,https://www.tripadvisor.com/Restaurant_Review-g294217-d799966-Reviews-Bubba_Gump_Shrimp_Co-Hong_Kong.html,,,"Sun - Thu
11:30 AM - 10:00 PM
Fri - Sat
11:30 AM - 10:30 PM",,4.0,All reviews ; shrimp ; seafood ; garlic bread ; ribs ; fries ; steak ; salad ; victoria peak ; window seat ; sky terrace ; american food ; tram ; hk ; harbour ; queue ; kowloon ; ,"Shop 304 & 305, Level 3, The Peak Tower, 128 Peak Road","American, Bar, Seafood",
$$$$,,114.16018700000001,£50 - £502,http://www.ritzncarlton.com/en/hotels0/china/hong-kong/dining/tin-lung-heen?utm_source=tripadvisori&utm_medium=referral,,,https://www.tripadvisor.com/Restaurant_Review-g294217-d2399904-Reviews-Tin_Lung_Heen-Hong_Kong.html,,"Seating, Parking Available, Validated Parking, Valet Parking, Serves Alcohol, Wine and Beer, Accepts American Express, Accepts Mastercard, Accepts Visa, Free Wifi, Reservations, Private Dining, Highchairs Available, Wheelchair Accessible, Digital Payments, Accepts Discover, Accepts Credit Cards, Table Service","Sun - Sat
6:00 PM - 10:30 PM
Mon - Fri
12:00 PM - 2:30 PM
Sat - Sun
11:30 AM - 3:00 PM",22.303358,4.5,All reviews ; iberian pork ; shrimp toast ; dim sum ; abalone ; garoupa ; char siu ; degustation menu ; fish meat ; crab ; soup ; dumplings ; cakes ; truffle ; the ritz carlton ; window table ; chinese restaurant ; private room ; ,"1 Austin Road West 102/F, The Ritz-Carlton, International Commerce Centre","Chinese, Asian",
$,,114.16644299999999,,http://www.timhowan.com/?utm_source=tripadvisori&utm_medium=referral,,,https://www.tripadvisor.com/Restaurant_Review-g294217-d3749262-Reviews-Tim_Ho_Wan_Sham_Shui_Po-Hong_Kong.html,,"Takeout, Seating, Table Service",,22.329348,4.0,All reviews ; pork buns ; dim sum ; char siu bao ; spareribs ; vermicelli bowl ; sticky rice ; shrimp ; liver ; cakes ; cheung fun ; spare ribs ; spring rolls ; pastry ; fries ; michelin star ; chicken feet ; fuk wing street ; ,"G/F, 9-11 Fuk Wing Street","Chinese, Asian",
$$ - $$$,,114.16165900000001,£10 - £50,http://www.maxrimschinese.com.hk/eng/restaurant/indexr.aspxr?utm_source=tripadvisori&utm_medium=referral,,,https://www.tripadvisor.com/Restaurant_Review-g294217-d798091-Reviews-City_Hall_Maxim_s_Palace-Hong_Kong.html,,"Reservations, Seating, Highchairs Available, Wheelchair Accessible, Serves Alcohol, Accepts Credit Cards, Table Service","Sun
9:00 AM - 3:00 PM
Sun - Sat
5:30 PM - 11:30 PM
Mon - Sat
11:00 AM - 3:00 PM",22.282743,4.0,All reviews ; dim sum ; mango pudding ; har gow ; pork buns ; egg tarts ; shrimp ; ladies pushing ; trolley service ; push cart ; yum cha ; trolley ladies ; banquet hall ; worth the wait ; long wait ; hong kong experience ; chicken feet ; wait for a table ; ,"2/F, Low Block, City Hall, Central","Chinese, Asian",
$$ - $$$,,114.174797,£16 - £23,,,,https://www.tripadvisor.com/Restaurant_Review-g294217-d943734-Reviews-Spring_Deer-Hong_Kong.html,,,"Sun - Sat
12:00 PM - 3:00 PM
6:00 PM - 11:00 PM",22.297293,4.0,All reviews ; peking duck ; pancakes ; shredded beef ; shark fin soup ; bamboo shoots ; spring rolls ; pastry ; noodles ; bread ; fries ; great duck ; sesame pockets ; plum sauce ; no reservation ; chinese food ; crispy skin ; waiters ; ,"2/F, 42 Mody Road, Tsim Sha Tsui","Chinese, Asian",
$$$$,,114.159302,,http://www.mott32.com/?utm_source=tripadvisori&utm_medium=referral,,,https://www.tripadvisor.com/Restaurant_Review-g294217-d6579151-Reviews-Mott_32-Hong_Kong.html,,"Reservations, Private Dining, Seating, Serves Alcohol, Full Bar, Free Wifi, Accepts Credit Cards, Table Service","Sun - Sat
12:00 PM - 2:30 PM
6:00 PM - 11:00 PM",22.280712,4.5,All reviews ; iberico pork ; peking duck ; dim sum ; char siu ; cod ; soup dumplings ; pancakes ; frog legs ; har gow ; truffle ; prawns ; crab ; ice cream ; chicken ; fries ; the standard chartered bank ; apple wood ; ,"Basement, Standard Chartered Bank Building, No.4-4A Des Voeux Road Central, Central","Chinese, Asian",
$$$$,,114.16018700000001,"£158 - £3,941",http://www.ritzncarlton.com/en/hotels0/china/hong-kong/dining/tosca?utm_source=tripadvisori&utm_medium=referral,,,https://www.tripadvisor.com/Restaurant_Review-g294217-d2161545-Reviews-Tosca_di_Angelo-Hong_Kong.html,,"Seating, Parking Available, Validated Parking, Valet Parking, Serves Alcohol, Wine and Beer, Accepts American Express, Accepts Mastercard, Accepts Visa, Free Wifi, Reservations, Private Dining, Highchairs Available, Wheelchair Accessible, Full Bar, Accepts Credit Cards, Table Service","Sun
11:30 AM - 3:00 PM
Sun - Sat
6:30 PM - 10:30 PM
Mon - Sat
12:00 PM - 2:30 PM",22.303356,4.5,All reviews ; brunch ; tiramisu ; beef carpaccio ; pasta ; lobster ; sea bass ; langoustines ; tasting menu ; bread ; truffle ; cake ; caviar ; chef pino ; the ritz carlton ; icc building ; window table ; italian cuisine ; ,"1 Austin Road West International Commerce Centre,","Italian, European",
$$$$,,,,http://www.ritzncarlton.com/en/hotels0/china/hong-kong/dining/the-lounge-bar?utm_source=tripadvisori&utm_medium=referral,,,https://www.tripadvisor.com/Restaurant_Review-g294217-d2166297-Reviews-The_Lounge_Bar-Hong_Kong.html,,"Reservations, Private Dining, Seating, Parking Available, Validated Parking, Valet Parking, Highchairs Available, Wheelchair Accessible, Serves Alcohol, Full Bar, Free Wifi, Accepts Credit Cards, Table Service",,,4.5,All reviews ; scones ; tenderloin ; cake ; salad ; burger ; the ritz carlton ; high tea ; window seat ; the afternoon tea set ; ozone bar ; view of hong kong ; night view ; spectacular views ; victoria harbor ; birthday dinner ; nice service ; hk island ; ,1 Austin Road West International Commerce Centre,"Bar, International, Pub",
$$ - $$$,,,,http://www.randblab.com/scarlett.html?utm_source=tripadvisori&utm_medium=referral#g2,https://www.randblab.com/assets/menu/SCARLETT%2520HK/Scarlett-HK-2019-9-16.pdf,,https://www.tripadvisor.com/Restaurant_Review-g294217-d8353573-Reviews-Scarlett_Cafe_Wine_Bar-Hong_Kong.html,,,"Mon - Fri
3:00 PM - 1:00 AM
Sat - Sun
11:00 AM - 1:00 AM",,4.5,All reviews ; crab ravioli ; cote de boeuf ; chateaubriand ; lamb shank ; prime rib ; caesar salad ; cold cuts ; mashed potatoes ; bread ; baby chicken ; ladies night ; birthday dinner ; nice wine ; french bistro ; delicious food ; great dinner ; nice restaurant ; ,"G/F, 2 Austin Avenue, Tsim Sha Tsui, Kowloon","French, Bar, European, Wine Bar",
$$$$,,,,http://wooloo-mooloo.com/hk/wan-chai.aspxr?utm_source=tripadvisori&utm_medium=referral,,,https://www.tripadvisor.com/Restaurant_Review-g294217-d1892540-Reviews-Wooloomooloo_Steakhouse_Wan_Chai-Hong_Kong.html,,"Reservations, Outdoor Seating, Seating, Serves Alcohol, Full Bar, Free Wifi, Accepts Credit Cards, Table Service","Sun - Sat
11:45 AM - 11:30 PM",,4.0,All reviews ; steak ; baked potato ; lobster bisque ; salad ; bread ; rooftop bar ; wan chai ; spectacular views ; top floor ; cooked to perfection ; side dishes ; with some friends ; light show ; wine selection ; special occasion ; victoria harbour ; woolloomooloo ; ,"31/F & Rooftop The Hennessy, 256 Hennessy Road, Wan Chai",Steakhouse,
$$$$,,,£79 - £276,http://www.hongkong-ic.intercontinental.com/dining/nobu.php?utm_source=tripadvisori&utm_medium=referral,https://hongkong-ic.intercontinental.com/en/dining/nobu/,,https://www.tripadvisor.com/Restaurant_Review-g294217-d1024986-Reviews-NOBU_InterContinental_Hong_Kong-Hong_Kong.html,,"Seating, Valet Parking, Serves Alcohol, Full Bar, Accepts American Express, Accepts Mastercard, Accepts Visa, Cash Only, Reservations, Private Dining, Parking Available, Validated Parking, Highchairs Available, Wheelchair Accessible, Wine and Beer, Free Wifi, Accepts Credit Cards, Table Service","Sun - Sat
12:00 PM - 2:30 PM
6:00 PM - 11:00 PM
Sat - Sun
2:30 PM - 5:00 PM",,4.5,All reviews ; cod ; sushi ; yellowtail ; omakase menu ; green tea ice cream ; wagyu beef ; tacos ; sea bass ; miso soup ; foie gras ; cake ; shrimp ; intercontinental hotel ; new style ; japanese cuisine ; light show ; harbour view ; ,18 Salisbury Road InterContinental Hong Kong,"Japanese, Seafood, Sushi, Healthy",
$$$$,,114.17173799999999,£24 - £118,http://www.peninsula.com/felixr?utm_source=tripadvisori&utm_medium=referral,https://www.peninsula.com/en/hong-kong/hotel-fine-dining/felix,,https://www.tripadvisor.com/Restaurant_Review-g294217-d940224-Reviews-Felix-Hong_Kong.html,,,"Sun
11:30 AM - 3:30 PM
Mon - Sat
5:30 PM - 1:00 AM",22.295282,4.0,All reviews ; duck liver ; oysters ; bread ; steak ; peninsula hotel ; light show ; top floor ; laser show ; hong kong island ; victoria harbour ; magnificent view ; table by the window ; special occasion ; fine dining ; lift ; penninsula ; kowloon ; ,"The Peninsula Hotel, Salisbury Road, Tsim Sha Tsui","European, Contemporary",
$$ - $$$,,114.152657,£40 - £60,http://www.holeefook.com.hk/?utm_source=tripadvisori&utm_medium=referral,,,https://www.tripadvisor.com/Restaurant_Review-g294217-d6758068-Reviews-Ho_Lee_Fook-Hong_Kong.html,,"Takeout, Reservations, Seating, Serves Alcohol, Full Bar, Wine and Beer, Accepts Mastercard, Accepts Visa, Cash Only, Free Wifi, Accepts Credit Cards, Table Service","Sun - Thu
6:00 PM - 11:00 PM
Fri - Sat
6:00 PM - 12:00 AM",22.283001000000002,4.5,All reviews ; prawn toast ; short ribs ; dumplings ; char siu ; wagyu ; brussel sprouts ; pork ; calamari ; roast goose ; chilli ; cheung fun ; salad ; asian fusion ; amazing food ; modern twist ; worth the wait ; wait for a table ; ,"G/F, No.1-5 Elgin Street, SoHo","Taiwanese, Chinese, Asian",
$$$$,,114.157959,£91 - £140,http://znumarestaurant.com/locations/hong-kong/?utm_source=tripadvisori&utm_medium=referral,,,https://www.tripadvisor.com/Restaurant_Review-g294217-d841139-Reviews-Zuma-Hong_Kong.html,,"Outdoor Seating, Seating, Parking Available, Valet Parking, Highchairs Available, Wheelchair Accessible, Serves Alcohol, Full Bar, Accepts American Express, Accepts Mastercard, Accepts Visa, Free Wifi, Reservations, Private Dining, Wine and Beer, Accepts Credit Cards, Table Service","Mon - Thu
12:00 PM - 12:00 AM
Fri
12:00 PM - 1:00 AM
Sat - Sun
11:00 AM - 12:00 AM",22.280495000000002,4.0,All reviews ; brunch ; sushi ; cod ; dessert platter ; tasting menu ; tempura ; ice cream ; beef ; oysters ; salad ; free flow champagne ; japanese buffet ; main course ; outdoor terrace ; open kitchen ; business lunch ; sake ; ,15 Queen's Road Landmark Atrium - Level 5 & 6,"Japanese, Sushi, Asian",
$$$$,,,,https://Hwww.mandarinoriental.com/hong-kong/the-landmark/fine-dining/restaurants/contemporary-cuisine/amber?htl=LMHKAG0&kw=LMHKAG|_amber&eng=yexrt&src=local&utm_source=tripadvisori&utm_medium=referral,https://www.mandarinoriental.com/hong-kong/the-landmark/fine-dining/restaurants/contemporary-cuisine/amber/menu,,https://www.tripadvisor.com/Restaurant_Review-g294217-d939504-Reviews-Amber-Hong_Kong.html,,"Reservations, Private Dining, Seating, Valet Parking, Wheelchair Accessible, Serves Alcohol, Full Bar, Accepts American Express, Accepts Mastercard, Accepts Visa, Free Wifi, Accepts Credit Cards, Wine and Beer, Digital Payments","Sun - Sat
12:00 PM - 2:00 PM
6:00 PM - 9:00 PM",,4.5,All reviews ; degustation menu ; amuse bouche ; caviar ; wagyu beef ; cuttlefish ; sorbet ; lobster ; wine pairing ; richard ekkebus ; the landmark mandarin oriental ; fine dining ; service was impeccable ; star michelin restaurant ; special occasion ; restaurant in hong kong ; dining experience ; set menu ; ,"No.15 Queen's Road Central 7/F, The Landmark Mandarin Oriental",Contemporary,
$$ - $$$,,,,http://www.diningconcepts.com/restaurants/Brazna?utm_source=tripadvisori&utm_medium=referral,,,https://www.tripadvisor.com/Restaurant_Review-g294217-d7808139-Reviews-Braza_Churrascaria_Brazilian_Steakhouse-Hong_Kong.html,,,"Sun - Thu
6:00 PM - 10:30 PM
Sun - Sat
12:00 PM - 3:00 PM
Fri - Sat
6:00 PM - 11:00 PM",,4.5,All reviews ; brunch ; picanha ; lamb ; salad ; fried banana ; chorizo sausage ; unlimited meat ; cold cuts ; skewers ; ribeye ; wings ; tuna ; bread ; all you can eat ; meat lovers ; free flow ; great meat ; ,"3/F, Grand Progress Building, No.15-16 Lan Kwai Fong, Central","Steakhouse, Brazilian, Barbecue, South American",
$$ - $$$,,,,,,,https://www.tripadvisor.com/Restaurant_Review-g294217-d3749223-Reviews-Yat_Lok_Restaurant-Hong_Kong.html,,"Takeout, Seating, Table Service","Sun
10:00 AM - 5:30 PM
Mon - Sat
10:00 AM - 9:00 PM",,4.0,All reviews ; roast goose ; char siew ; rice ; bbq pork ; roasted meats ; duck ; soup ; crispy skin ; stanley street ; delicious roast ; michelin star ; hole in the wall ; michelin guide ; tender meat ; lunch hour ; english menu ; oyster sauce ; ,"G/F, 34-38 Stanley Street","Chinese, Asian",
$$ - $$$,,114.17523999999999,,http://www.krg.com.hk/!0en?utm_source=tripadvisori&utm_medium=referral,,,https://www.tripadvisor.com/Restaurant_Review-g294217-d6894266-Reviews-Kam_s_Roast_Goose-Hong_Kong.html,,"Takeout, Seating, Table Service","Sun - Sat
11:30 AM - 9:30 PM",22.277782000000002,4.0,All reviews ; roast goose ; char siew ; bbq pork ; rice ; century egg ; duck ; chinese sausage ; roasted meats ; soup ; yung kee ; michelin star ; worth the wait ; long queue ; crispy skin ; queue number ; small restaurant ; during peak hours ; ,"No.226 Hennessy Road, Wan Chai G/F, Po Wah Commercial Centre",Chinese,
$$$$,,114.157104,£45 - £151,http://www.fourseasons.com/hongkong/dining/restaurants/lung_king_heen/?utm_source=tripadvisori&utm_medium=referral,https://www.fourseasons.com/hongkong/dining/restaurants/lung_king_heen/main/,,https://www.tripadvisor.com/Restaurant_Review-g294217-d1062729-Reviews-Lung_King_Heen-Hong_Kong.html,,"Highchairs Available, Reservations, Private Dining, Seating, Parking Available, Validated Parking, Valet Parking, Wheelchair Accessible, Serves Alcohol, Full Bar, Wine and Beer, Accepts American Express, Accepts Mastercard, Accepts Visa, Free Wifi, Accepts Credit Cards, Table Service","Sun - Sat
12:00 PM - 2:30 PM
6:30 PM - 10:00 PM",22.286509,4.5,All reviews ; abalone ; dim sum ; tasting menu ; steamed lobster ; suckling pig ; petit fours ; garoupa ; wagyu beef ; tarts ; soup ; spring rolls ; truffle ; mango ; fries ; four seasons ; three michelin stars ; executive lunch ; ,"8 Finance Street, Central Podium 4, Four Seasons Hotel Hong Kong,","Chinese, Asian",
$$ - $$$,,114.153503,£8 - £12,http://www.hongkongnavi.com/food/15?utm_source=tripadvisori&utm_medium=referral,,,https://www.tripadvisor.com/Restaurant_Review-g294217-d1527741-Reviews-Lin_Heung_Tea_House-Hong_Kong.html,,"Takeout, Seating, Table Service","Sun - Sat
6:00 AM - 11:00 PM",22.284433,4.0,All reviews ; traditional dim sum ; siu mai ; sponge cake ; shrimp dumplings ; pork ; cheung fun ; dim sum cart ; push cart ; reading newspapers ; drinking tea ; yum cha ; dim sum experience ; ladies pushing ; chicken feet ; sharing tables ; popular dishes ; local experience ; ,"G/F 160-164 Wellington Street, Central","Chinese, Asian",
$,,,,http://dimsumsq_uare.top-cafes.com/?utm_source=tripadvisori&utm_medium=referral,,,https://www.tripadvisor.com/Restaurant_Review-g294217-d2534180-Reviews-Dim_Sum_Square-Hong_Kong.html,,,"Sun
8:00 AM - 10:00 PM
Mon - Sat
10:00 AM - 10:00 PM",,4.0,All reviews ; dim sum ; dumplings ; spring rolls ; shrimp ; turnip cake ; pork ; siew mai ; xiaolongbao ; sticky rice ; cheung fun ; xiao long bao ; cakes ; fries ; sheung wan ; chicken feet ; fast service ; order sheet ; ,"88 Jervois Street, Sheung wan","Chinese, Asian",
$,,,£2 - £8,,,,https://www.tripadvisor.com/Restaurant_Review-g294217-d919498-Reviews-Mak_s_Noodle_Mak_Un_Kee-Hong_Kong.html,,"Takeout, Seating, Table Service",,,4.0,All reviews ; wonton noodles ; beef brisket ; won ton ; prawns ; small bowl ; anthony bourdain ; oyster sauce ; wellington street ; excellent noodles ; noodle place ; serving size ; soup base ; quick lunch ; quick service ; small place ; english menu ; stringy ; ,"77 Wellington St., Central","Chinese, Asian, Soups",
$,,,£8 - £16,http://www.dimdimsum.hk/?utm_source=tripadvisori&utm_medium=referral,,,https://www.tripadvisor.com/Restaurant_Review-g294217-d3171948-Reviews-DimDimSum_Dim_Sum_Specialty_Store_Wan_Chai-Hong_Kong.html,,"Takeout, Seating, Table Service","Sun - Sat
10:00 AM - 12:00 AM",,4.0,All reviews ; dim sum ; stuffed eggplant ; dumplings ; har gow ; radish cake ; pineapple bun ; pork ; cheung fun ; spring rolls ; xiao long bao ; truffle ; seafood ; prawns ; fries ; piggy custard ; english menu ; wan chai ; ,"7 Tin Lok Lane, Causeway Bay, Wan Chai","Chinese, Asian",
$,,114.15248100000001,,,,,https://www.tripadvisor.com/Restaurant_Review-g294217-d795044-Reviews-Kau_Kee_Restaurant-Hong_Kong.html,,"Takeout, Seating","Mon - Sat
12:30 PM - 10:30 PM",22.284269000000002,4.0,All reviews ; brisket ; curry ; clear soup ; flat noodles ; turnover ; soups ; gough street ; e fu noodles ; long queue ; worth the wait ; special beef ; share table with others ; super tender ; melt in the mouth ; small bowl ; a late lunch ; at lunchtime ; ,"G/F., 21 Gough Street, Mid-Level, Central","Chinese, Asian, Soups",
$,,114.16973899999999,,http://www.misopeckish.com/2014/02/13/pineapple-bun-hong-kong?utm_source=tripadvisori&utm_medium=referral,,,https://www.tripadvisor.com/Restaurant_Review-g294217-d799832-Reviews-Kam_Wah_Cafe-Hong_Kong.html,,"Takeout, Seating, Table Service","Sun - Sat
6:30 AM - 11:00 PM",22.322191,4.0,All reviews ; pineapple bun ; french toast ; bao ; instant noodles ; luncheon meat ; pork chop ; macaroni ; tarts ; ham ; fried rice ; milk tea ; polo buns ; bo lo ; bolo bun ; great polo ; cold butter ; english menu ; ,"47 Bute Street, Mongkok","Chinese, Cafe, Asian",
$$ - $$$,,,£8 - £12,,,,https://www.tripadvisor.com/Restaurant_Review-g294217-d786130-Reviews-The_Sweet_Dynasty_Tsim_Sha_Tsui-Hong_Kong.html,,,,,3.5,All reviews ; mango pudding ; noodles ; ordered dim sum ; congee ; hk ; bean ; ,"Shop A, Hong Kong Pacific Centre, 28 Hankow Road, Tsim Sha Tsu","Chinese, Asian",
$$ - $$$,,114.15529599999999,£30 - £60,https://Hwww.gordonramsayrestaurants.com/bread-street-kitchen-and-bar-hong-kong/?utm_source=tripadvisori&utm_medium=referral,,,https://www.tripadvisor.com/Restaurant_Review-g294217-d7050211-Reviews-Bread_Street_Kitchen-Hong_Kong.html,,"Reservations, Seating, Highchairs Available, Serves Alcohol, Full Bar, Free Wifi, Accepts Credit Cards, Table Service","Sun - Sat
8:00 AM - 10:00 PM",22.280579,4.0,All reviews ; brunch ; beef wellington ; shepherds pie ; sticky toffee pudding ; tamarind chicken ; fish and chips ; burger ; flat bread ; clotted cream ; tuna ; sunday roast ; short ribs ; wings ; salad ; honey glaze ; potatoes ; risotto ; ,"No.118 Peak Road Shop G02, G/F, The Peak Galleria",,
$,,114.15380900000001,£4 - £8,http://www.taoheung.com.hk/tc/hot_promotions/tai_cheong_bakery/indexr.html?utm_source=tripadvisori&utm_medium=referral,,,https://www.tripadvisor.com/Restaurant_Review-g294217-d799899-Reviews-Tai_Cheong_Bakery-Hong_Kong.html,,Takeout,"Sun - Sat
7:30 AM - 9:00 PM",22.282492,4.0,All reviews ; egg tarts ; pie ; cake ; bread ; lyndhurst terrace ; from the oven ; flaky crust ; british governor ; piping hot ; small shop ; long queue ; taste ; eggy ; eggtarts ; hk ; mouth ; branch ; ,"35 Lydhurst Terrace, Central",,
$$$$,,114.15940900000001,£20 - £78,http://www.sevva.hk/?utm_source=tripadvisori&utm_medium=referral,https://www.sevva.hk,,https://www.tripadvisor.com/Restaurant_Review-g294217-d1052864-Reviews-Sevva-Hong_Kong.html,,"Reservations, Outdoor Seating, Seating, Wheelchair Accessible, Serves Alcohol, Full Bar, Accepts Credit Cards, Table Service, Live Music","Mon - Wed
12:00 PM - 12:00 AM
Thu - Fri
12:00 PM - 2:00 AM
Sat
11:00 AM - 2:00 AM",22.281088,4.0,All reviews ; dosa ; prince's building ; rooftop bar ; tea set ; reserve a table ; victoria harbour ; high tea ; attentive service ; hk ; hsbc ; skyline ; skyscrapers ; floor ; expats ; signature ; ,"25/F, Prince's Building, 10 Chater Road, Central",Bar,
$,,114.15490700000001,£5 - £10,http://www.dingdim.com/?utm_source=tripadvisori&utm_medium=referral,http://www.dingdim.com,,https://www.tripadvisor.com/Restaurant_Review-g294217-d6739503-Reviews-Ding_Dim_1968-Hong_Kong.html,,,"Sun - Thu
11:00 AM - 10:00 PM
Fri - Sat
11:00 AM - 11:00 PM",22.281292,4.5,All reviews ; dim sum ; dumplings ; siu mai ; spring rolls ; quail egg ; shrimp ; xiao long bao ; truffle ; sticky rice ; xiaolongbao ; cakes ; beef ; fries ; small place ; quick service ; hk ; hong ; ,"59 Wyndham Street, Central G/f","Chinese, Asian",
$$ - $$$,,,£15 - £35,http://www.combocapo.com/?utm_source=tripadvisori&utm_medium=referral,,,https://www.tripadvisor.com/Restaurant_Review-g294217-d10089430-Reviews-Capo-Hong_Kong.html,,,,,4.5,All reviews ; burrata ; pizza ; parma ham ; italian beef ; homemade pasta ; bolognese ; tiramisu ; cold cuts ; salad ; bread ; royal pacific hotel ; imported from italy ; authentic italian restaurant ; friendly atmosphere ; fresh ingredients ; in tsim sha tsui ; small restaurant ; ,"Shop 4C-D, Tower 1, PL/F., China Hong Kong City","Italian, Pizza, Mediterranean, European",
$$ - $$$,,,,http://www.hotel-icon.com/dining/the-market?utm_source=tripadvisori&utm_medium=business-advantage&utm_campaign=listing,,,https://www.tripadvisor.com/Restaurant_Review-g294217-d2514791-Reviews-The_Market-Hong_Kong.html,,"Reservations, Private Dining, Seating, Parking Available, Validated Parking, Valet Parking, Highchairs Available, Wheelchair Accessible, Serves Alcohol, Accepts Credit Cards, Table Service, Buffet, Free Wifi","Sun - Sat
6:30 AM - 10:30 AM
6:30 PM - 10:00 PM
Mon - Fri
12:00 PM - 2:30 PM
Sat - Sun
11:45 AM - 2:30 PM",,4.5,All reviews ; seafood ; crab legs ; durian dessert ; lamb chops ; cakes ; foie gras ; curries ; salad ; ice cream ; dim sum ; clams ; bread ; fries ; hotel icon ; dinner buffet ; amazing buffet ; all you can eat ; ,"Level 2, Hotel ICON, 17 Science Museum Road, Tsim Sha Tsui East Tsim Sha Tsui East, Kowloon,","Seafood, International, Street Food",
$$ - $$$,,,,http://www.tsuiwahrestaurant.com/?utm_source=tripadvisori&utm_medium=referral,,,https://www.tripadvisor.com/Restaurant_Review-g294217-d1755975-Reviews-Tsui_Wah_Restaurant_Pak_Hoi_Street_Shop-Hong_Kong.html,,,,,3.5,All reviews ; noodles ; chicken pie ; ham ; bread ; milk tea ; nathan hotel ; chain restaurant ; crispy bun ; fast service ; decent food ; quick meal ; nathan road ; chinese food ; hk ; msg ; yummy ; lemon ; ,"G/F-1/F, 17-19 Pak Hoi St., Yau Ma Te","Fast Food, Asian, Chinese",
$$$$,,,,http://www.fourseasons.com/hongkong/dining/restaurants/caprice/?utm_source=tripadvisori&utm_medium=referral,https://www.fourseasons.com/hongkong/dining/restaurants/caprice/main/,,https://www.tripadvisor.com/Restaurant_Review-g294217-d912108-Reviews-Caprice_Central-Hong_Kong.html,,"Reservations, Private Dining, Seating, Parking Available, Validated Parking, Valet Parking, Wheelchair Accessible, Serves Alcohol, Full Bar, Accepts American Express, Accepts Mastercard, Accepts Visa, Free Wifi, Accepts Credit Cards, Table Service","Sun - Sat
12:00 PM - 2:30 PM
6:30 PM - 10:30 PM",,4.5,All reviews ; cheese board ; french cheese ; petit fours ; amuse bouche ; foie gras ; turbot ; bread ; tasting menu ; lobster ; sorbet ; lamb ; ice cream ; soup ; four seasons hotel ; cheese cellar ; french cuisine ; new chef ; ,"6F, Four Seasons Hotel, Central Four Seasons Hotel Hong Kong","French, European",
$$ - $$$,,114.168213,,http://www.crystaljade.com.hk/?utm_source=tripadvisori&utm_medium=referral,,,https://www.tripadvisor.com/Restaurant_Review-g294217-d816324-Reviews-Crystal_Jade_La_Mian_Xiao_Long_Bao_Gateway_Arcade-Hong_Kong.html,,,"Sun - Sat
10:00 AM - 11:00 PM",22.296654,4.0,All reviews ; xiao long bao ; la mian ; dumplings ; soup ; drunken chicken ; dim sum ; rice ; beef ; harbour city ; worth the wait ; shanghai food ; ocean terminal ; fast service ; quick bite ; chinese tea ; wait for a table ; quality food ; ,"Shop 3328, Level 3, Gateway Arcade, Harbour City, 3-27 Canton Road, Tsim Sha Tsui, Kowloon","Chinese, Asian",
$$$$,,114.17291999999999,£79 - £158,http://www.mortons.com/hongkong/?utm_source=tripadvisori&utm_medium=referral,,,https://www.tripadvisor.com/Restaurant_Review-g294217-d844402-Reviews-Morton_s_The_Steakhouse-Hong_Kong.html,,"Reservations, Private Dining, Seating, Highchairs Available, Wheelchair Accessible, Serves Alcohol, Full Bar, Free Wifi, Accepts Credit Cards, Table Service","Sun
5:00 PM - 10:00 PM
Mon - Sat
5:00 PM - 11:00 PM",22.294626,4.5,All reviews ; steak ; onion bread ; crab cakes ; creamed spinach ; prime rib ; lobster tail ; seafood platter ; chicken ; sheraton hotel ; side dishes ; cooked to perfection ; mouth watering ; victoria harbour ; food quality ; hk ; medium ; oz ; ,"4th Floor, The Sheraton Hotel & Towers, No.20 Nathan Road, Tsim Sha Tsui 20 Nathan Road, Kowloon","American, Steakhouse",
$$$$,,,,http://www.hotel-icon.com/dining/above-beyond?utm_source=tripadvisori&utm_medium=business-advantage&utm_campaign=listing,https://www.hotel-icon.com/public/dine/files/above-and-beyond-a-la-carte-menu-20170830_1.pdf,,https://www.tripadvisor.com/Restaurant_Review-g294217-d2390123-Reviews-Above_and_Beyond-Hong_Kong.html,,"Reservations, Private Dining, Seating, Parking Available, Validated Parking, Valet Parking, Highchairs Available, Wheelchair Accessible, Serves Alcohol, Full Bar, Free Wifi, Accepts Credit Cards, Table Service","Sun - Sat
11:00 AM - 2:30 PM
6:00 PM - 10:30 PM",,4.5,All reviews ; peking duck ; dim sum ; crispy chicken ; hot and sour soup ; tasting menu ; abalone ; prawns ; pancakes ; hotel icon ; top floor ; chinese food ; window table ; hk harbour ; set menu ; assistant manager ; night view ; food and wine ; ,"Level 28, Hotel ICON, 17 Science Museum Road, Tsim Sha Tsui East","Chinese, Asian",
$$$$,,,,http://www.robuchon.hk/?utm_source=tripadvisori&utm_medium=referral,,,https://www.tripadvisor.com/Restaurant_Review-g294217-d809453-Reviews-L_Atelier_de_Joel_Robuchon-Hong_Kong.html,,"Reservations, Private Dining, Seating, Wheelchair Accessible, Serves Alcohol, Full Bar, Accepts Credit Cards, Table Service",,,4.5,All reviews ; bread basket ; foie gras ; amuse bouche ; degustation menu ; mashed potatoes ; lobster ; king crab ; wagyu beef ; soup ; souffle ; langoustines ; mango ; cakes ; discovery menu ; bar seating ; open kitchen ; french restaurant in hong kong ; ,15 Queen's Road Central,"French, European",
$$ - $$$,Wan Chai,114.176353,£15 - £40,http://www.pirata.hk/?utm_source=tripadvisori&utm_medium=referral,,,https://www.tripadvisor.com/Restaurant_Review-g294217-d7289468-Reviews-Pirata-Hong_Kong.html,,"Reservations, Seating, Wheelchair Accessible, Serves Alcohol, Full Bar, Free Wifi, Accepts Credit Cards, Table Service","Sun - Thu
6:30 PM - 10:30 PM
Sun - Sat
12:00 PM - 2:30 PM
Fri - Sat
6:30 PM - 11:00 PM",22.278019,4.5,All reviews ; brunch ; meatballs ; butcher's cut ; vitello tonnato ; semifreddo ; flank steak ; cold cuts ; parma ham ; antipasti ; sea bass ; tasting menu ; bread ; truffle ; salad ; suckling pig ; italian food ; restaurant week ; ,"30/F, No. 239 Hennessy Road Wan Chai","Italian, European",
$,000000,114.170372,£8 - £16,http://www.dimdimsum.hk/?utm_source=tripadvisori&utm_medium=referral,,,https://www.tripadvisor.com/Restaurant_Review-g294217-d3309467-Reviews-DimDimSum_Dim_Sum_Specialty_Store_Mong_Kok-Hong_Kong.html,,"Takeout, Seating, Table Service","Sun - Sat
11:00 AM - 2:00 AM",22.320234,4.0,All reviews ; dim sum ; custard buns ; shrimp ; siew mai ; chee cheong fun ; siomai ; pineapple ; pork dumplings ; porridge ; chilli ; fries ; seafood ; soup ; english menu ; ladies market ; order form ; order sheet ; ,112 Tung Choi Street,"Chinese, Asian",
$$ - $$$,,114.14938400000001,£4 - £59,http://www.peaklookout.com.hk/?utm_source=tripadvisori&utm_medium=referral,https://www.epicurean.com.hk/wp-content/uploads/2019/07/TPL_ALC_Wine_Menu_Jun2019.pdf,,https://www.tripadvisor.com/Restaurant_Review-g294217-d788642-Reviews-The_Peak_Lookout-Hong_Kong.html,,"Reservations, Outdoor Seating, Seating, Highchairs Available, Wheelchair Accessible, Serves Alcohol, Full Bar, Accepts Credit Cards, Table Service, Live Music","Mon - Fri
11:30 AM - 10:30 PM
Sat - Sun
8:30 AM - 10:30 PM",22.271067000000002,3.5,All reviews ; tandoori chicken ; naan ; seafood ; steak ; sit outside ; outdoor seating ; hong kong island ; lunch or dinner ; tram ; ,"121 Peak Road, The Peak","European, International",
$$ - $$$,00000,114.155281,£10 - £39,https://Hwww.hardrock.com/cafes/hong-kong-lkf/?utm_source=tripadvisori&utm_medium=referral,https://www.hardrockcafe.com/location/hong-kong-lkf/files/5329/HK_ALC.pdf,,https://www.tripadvisor.com/Restaurant_Review-g294217-d1320779-Reviews-Hard_Rock_Cafe_Hong_Kong-Hong_Kong.html,,,"Sun - Thu
11:00 AM - 2:00 AM
Fri - Sat
11:00 AM - 3:00 AM",22.280554000000002,4.0,All reviews ; burger ; salad ; lan kwai fong ; standard hard rock ; visit hard rock ; american food ; central station ; victoria peak ; hrc ; lkf ; china ; asia ; ,"LG/F LKF Tower, 55 D'Aguilar Street, Lan Kwai Fong Central","American, Bar",
$$ - $$$,,114.178444,£15 - £35,http://www.spassoristorante-bar.com.hk/?utm_source=tripadvisori&utm_medium=referral,http://www.divinogroup.com/restaurants/spasso/about-us/,,https://www.tripadvisor.com/Restaurant_Review-g294217-d1100137-Reviews-Spasso_Italian_Bar_Restaurant-Hong_Kong.html,,"Delivery, Buffet, Seating, Parking Available, Validated Parking, Highchairs Available, Wheelchair Accessible, Serves Alcohol, Full Bar, Accepts American Express, Accepts Mastercard, Accepts Visa, Free Wifi, Reservations, Accepts Credit Cards, Table Service","Sun
11:30 AM - 2:00 AM
Mon - Thu
12:00 PM - 2:00 AM
Fri - Sat
12:00 PM - 2:30 AM",22.298082,4.0,All reviews ; brunch ; pizza ; minestrone soup ; parma ham ; osso bucco ; calamari ; antipasti ; seafood ; steak ; chef marco ; italian food ; italian manager ; harbour view ; victoria harbour ; hk island ; tsim sha tsui ; wine list ; ,"G5-8, 12-17, Empire Centre, No.68 Mody Road, Tsim Sha Tsui East, Kowloon","Italian, European",
$,,,£4 - £8,http://tsimchaikee.top-cafes.com/?utm_source=tripadvisori&utm_medium=referral,,,https://www.tripadvisor.com/Restaurant_Review-g294217-d1094369-Reviews-Tsim_Chai_Kee_Noodle_Wellington_Street-Hong_Kong.html,,,"Sun - Sat
11:00 AM - 9:30 PM",,4.0,All reviews ; fish balls ; wonton noodles ; fishballs ; beef ; king prawns ; chilli ; soups ; oyster sauce ; al dente ; big bowl ; great noodles ; mid level ; soup base ; limited menu ; michelin star ; fast service ; comfort food ; ,98 Wellington Street. Central,"Chinese, Asian, Soups",
$$ - $$$,,114.155602,,http://tsuiwahrestaurant.com/?utm_source=tripadvisori&utm_medium=referral,,,https://www.tripadvisor.com/Restaurant_Review-g294217-d798374-Reviews-Tsui_Wah_Restaurant-Hong_Kong.html,,"Delivery, Takeout, Seating, Table Service","Tue - Sun
12:00 AM - 11:59 PM",22.281681,3.5,All reviews ; noodles ; fish balls ; soup ; pineapple bun ; brisket ; french toast ; macaroni ; condensed milk ; wellington street ; hong kong style ; restaurant chain ; an extensive menu ; decent food ; fast service ; chinese food ; hk ; branch ; ,"15-19 Wellington St, Central","Chinese, Asian",
$$ - $$$,,,,http://www.diningconcepts.com/restaurants/Bombay-Ddreams?utm_source=tripadvisori&utm_medium=referral,http://www.diningconcepts.com/restaurants/Bombay-Dreams,,https://www.tripadvisor.com/Restaurant_Review-g294217-d799250-Reviews-Bombay_Dreams-Hong_Kong.html,,"Delivery, Takeout, Reservations, Seating, Highchairs Available, Wheelchair Accessible, Serves Alcohol, Full Bar, Free Wifi, Accepts Credit Cards, Table Service, Buffet","Sun - Sat
12:00 PM - 3:00 PM
6:00 PM - 11:00 PM",,4.5,All reviews ; palak paneer ; rogan josh ; curry ; naan bread ; lamb ; mango ; salad ; best indian ; indian food ; wyndham street ; indian restaurant in hong kong ; many indian restaurants ; lunch buffet is ; visited this restaurant ; hk ; floor ; veg ; ,77 Wyndham Street,"Indian, Asian",
$$$$,,114.158478,£19 - £78,http://www.gaiagroup.com.hk/?utm_source=tripadvisori&utm_medium=referral,https://gaiagroup.com.hk/wp-content/uploads/2018/06/ISOLA-A-LA-CARTE-MENU-2018-.pdf,,https://www.tripadvisor.com/Restaurant_Review-g294217-d786786-Reviews-Isola_Bar_Grill-Hong_Kong.html,,"Reservations, Outdoor Seating, Private Dining, Seating, Highchairs Available, Wheelchair Accessible, Serves Alcohol, Full Bar, Free Wifi, Accepts Credit Cards, Table Service","Sun - Sat
11:30 AM - 11:00 PM",22.285963,4.0,All reviews ; brunch ; pizza ; antipasti ; salad ; tiramisu ; risotto ; cold cuts ; seafood ; sea bass ; steak ; truffle ; prawns ; ifc mall ; italian food ; dessert buffet ; business lunch ; main course ; ,"Shop 2075, 2/F, IFC, 8 Finance Street, Central District Shop 2075, Podium 2, ifc mall","Italian, European",
$$$$,000000,,,https://Hwww.mandarinoriental.com/hong-kong/victoria-harbour/fine-dining/restaurants/european-cuisine/mandarin-grill-and-bar?htl=MOHKAG0&kw=MOHKAG|_grill&eng=yexrt&src=local&utm_source=tripadvisori&utm_medium=referral,,,https://www.tripadvisor.com/Restaurant_Review-g294217-d941989-Reviews-Mandarin_Grill_Bar_at_Mandarin_Oriental_Hong_Kong-Hong_Kong.html,,"Seating, Serves Alcohol, Full Bar, Accepts American Express, Accepts Mastercard, Accepts Visa, Reservations, Private Dining, Parking Available, Valet Parking, Wheelchair Accessible, Accepts Credit Cards, Table Service","Sun
12:00 PM - 2:30 PM
Sun - Sat
6:30 PM - 10:00 PM
Mon - Fri
7:30 AM - 2:30 PM",,4.5,All reviews ; dover sole ; roast beef ; amuse bouche ; prime rib ; petit fours ; oysters ; souffle ; foie gras ; sea bass ; bread ; salad ; chef simon ; for special occasions ; fine dining ; olive oil ; wonderful dinner ; an institution ; ,5 Connaught Road Central 5 Connaught Road Central,European,
$$ - $$$,,114.169228,,https://Hwww.hkhls.com/?utm_source=tripadvisori&utm_medium=referral,,,https://www.tripadvisor.com/Restaurant_Review-g294217-d1196158-Reviews-Hui_Lau_Shan-Hong_Kong.html,,"Takeout, Seating",,22.294531,4.0,All reviews ; mango ; sago ; bird nest ; dessert shop ; dessert place ; tsim tsa tsui ; outlets ; jelly ; hk ; chewy ; desert ; usd ; ,Jordan road,,
$$ - $$$,,114.180756,£31 - £49,http://www.underspicycrab.com/chi/indexr.php?utm_source=tripadvisori&utm_medium=referral,,,https://www.tripadvisor.com/Restaurant_Review-g294217-d1089734-Reviews-Under_the_Bridge_Spicy_Crab-Hong_Kong.html,,"Takeout, Private Dining, Seating, Serves Alcohol, Accepts Credit Cards, Table Service","Sun - Sat
12:00 PM - 6:00 AM",22.279856,3.5,All reviews ; spicy crab ; clams ; seafood ; rice ; fries ; roast goose ; typhoon shelter ; typical chinese restaurant ; their signature dish ; causeway bay ; garlic ; hk ; spiciness ; medium ; canto ; napkins ; seasoning ; ,"405 Lockhart Road, Wan Chai","Chinese, Seafood, Asian",
$$ - $$$,,,,http://www.diningconcepts.com/restaurants/Bistecca?utm_source=tripadvisori&utm_medium=referral,,,https://www.tripadvisor.com/Restaurant_Review-g294217-d2276403-Reviews-Bistecca_Italian_Steak_House-Hong_Kong.html,,"Takeout, Reservations, Private Dining, Seating, Highchairs Available, Serves Alcohol, Free Wifi, Accepts Credit Cards, Table Service","Sun - Sat
12:00 PM - 3:00 PM
6:00 PM - 11:00 PM",,4.5,All reviews ; bistecca ; steak ; delmonico ; t bone ; fondue ; antipasti buffet ; pasta ; creamed spinach ; cheesecake ; french fries ; foie gras ; bread ; oysters ; chicago style ; lan kwai fong ; cooked to perfection ; the rib eye ; ,"2nd Floor, Grand Progress Building,15-16 Lan Kwai Fong","Italian, Steakhouse",
$$ - $$$,,114.155495,,http://www.lukyuteahouse.com/?utm_source=tripadvisori&utm_medium=referral,,,https://www.tripadvisor.com/Restaurant_Review-g294217-d1546043-Reviews-Luk_Yu_Tea_House-Hong_Kong.html,,"Takeout, Reservations, Private Dining, Seating, Serves Alcohol, Accepts Credit Cards, Table Service","Sun - Sat
7:00 AM - 9:00 PM",22.282282000000002,3.5,All reviews ; traditional dim sum ; pork liver ; prawn dumplings ; siu mai ; egg tarts ; yum cha ; an institution ; central district ; hong kong style ; chinese food ; lung ; michelin ; ,"No.24-26 Stanley Street, Central","Chinese, Asian",
$$ - $$$,,114.16934199999999,£78 - £391,http://www.pekinggarden.com.hk/?utm_source=tripadvisori&utm_medium=referral,,,https://www.tripadvisor.com/Restaurant_Review-g294217-d2017430-Reviews-Peking_Garden_Tsim_Sha_Tsui-Hong_Kong.html,,,"Sun - Sat
5:30 PM - 11:00 PM
Mon - Fri
11:30 AM - 3:00 PM
Sat - Sun
11:00 AM - 3:00 PM",22.294245,4.0,All reviews ; peking duck ; beggars chicken ; noodles ; pancakes ; soup ; abalone ; dim sum ; beef ; fries ; star house ; noodle making ; the star ferry terminal ; light show ; spring onion ; harbour view ; victoria harbour ; great dinner ; ,"3/F, Star House, Tsimshatsui, Kowloon",,
$$$$,,,£71 - £236,http://hongkong-ic.intercontinental.com/en/dining/yan-toh-heen/?utm_source=tripadvisori&utm_medium=referral,https://hongkong-ic.intercontinental.com/en/dining/yan-toh-heen/,,https://www.tripadvisor.com/Restaurant_Review-g294217-d927163-Reviews-Yan_Toh_Heen_InterContinental_Hong_Kong-Hong_Kong.html,,"Seating, Serves Alcohol, Full Bar, Accepts American Express, Accepts Mastercard, Accepts Visa, Cash Only, Reservations, Private Dining, Parking Available, Validated Parking, Valet Parking, Highchairs Available, Wheelchair Accessible, Accepts Credit Cards, Table Service","Sun
11:30 AM - 3:00 PM
Sun - Sat
6:00 PM - 11:00 PM
Mon - Sat
12:00 PM - 2:30 PM",,4.5,All reviews ; peking duck ; dim sum ; baked crab ; scallops ; tasting menu ; pancakes ; fried rice ; abalone ; chicken ; seafood ; mango ; fries ; intercontinental hotel ; tea sommelier ; chinese restaurant ; lettuce leaves ; star michelin restaurant ; ,"18 Salisbury Road, Tsim Sha Tsui InterContinental Hong Kong,","Chinese, Asian",
$$$$,,114.17229499999999,£55 - £78,http://www.wooloo-mooloo.com/hk/wooloomooloo-prime-tst.aspxr?utm_source=tripadvisori&utm_medium=referral,,,https://www.tripadvisor.com/Restaurant_Review-g294217-d1955748-Reviews-Wooloomooloo_Prime_Tsim_Sha_Tsui-Hong_Kong.html,,"Reservations, Outdoor Seating, Private Dining, Seating, Wheelchair Accessible, Serves Alcohol, Full Bar, Free Wifi, Accepts Credit Cards, Table Service",,22.299754999999998,4.0,All reviews ; steak ; lobster bisque ; beef wellington ; foie gras ; bread ; fries ; light show ; incredible views ; side dishes ; the hong kong skyline ; the rib eye ; nathan road ; shopping centre ; victoria harbor ; special occasion ; wine list ; woolloomooloo ; ,"Level 21, The ONE, No.100 Nathan Road, Tsim Sha Tsui, Kowloon","Steakhouse, European, Australian",
$$ - $$$,,114.160248,£25 - £80,http://www.w-hongkong.com/?utm_source=tripadvisori&utm_medium=referral,,,https://www.tripadvisor.com/Restaurant_Review-g294217-d1799916-Reviews-Kitchen_W_Hotel_Hong_Kong-Hong_Kong.html,,"Buffet, Seating, Parking Available, Valet Parking, Wheelchair Accessible, Serves Alcohol, Wine and Beer, Accepts American Express, Accepts Mastercard, Accepts Visa, Free Wifi, Reservations, Validated Parking, Highchairs Available, Full Bar, Accepts Credit Cards, Table Service","Sun - Sat
6:00 AM - 11:00 PM",22.304792000000003,4.5,All reviews ; brunch ; oysters ; sushi ; crab legs ; salad ; cold cuts ; foie gras ; cake ; dim sum ; soups ; eggs benedict ; steak ; ice cream ; noodles ; chicken ; free flow champagne ; seafood station ; ,"1 Austin Road West,Kowloon 6/F, W Hong Kong","European, Asian, International",
$,,114.165977,£8 - £16,http://www.dimdimsum.hk/?utm_source=tripadvisori&utm_medium=referral,,,https://www.tripadvisor.com/Restaurant_Review-g294217-d2437900-Reviews-DimDimSum_Dim_Sum_Specialty_Store_Jordan-Hong_Kong.html,,,"Sun - Sat
10:00 AM - 1:00 AM",22.307033999999998,4.0,All reviews ; dim sum ; pineapple bun ; shrimp ; siu mai ; dumplings ; porridge ; seafood ; rice ; pork ; truffle ; piggy custard ; austin station ; english menu ; fast service ; place to eat ; dining experience ; tasty food ; ,"26-28 Man Wui St, Jordan, Kowloon Austin Station Exit A","Chinese, Asian",
$$ - $$$,,114.18189199999999,,http://www.jamieoliver.com/italian/hongkong?utm_source=tripadvisori&utm_medium=referral,,,https://www.tripadvisor.com/Restaurant_Review-g294217-d6951944-Reviews-Jamie_s_Italian-Hong_Kong.html,,,"Sun - Sat
12:00 PM - 11:00 PM",22.278912,3.5,,"2/F, Soundwill Plaza II- Midtown, No.1 Tang Lung Street, Causeway Bay","Italian, European",
$$ - $$$,,114.147095,,http://www.linheung.com.hk/lin_heung_kui/?utm_source=tripadvisori&utm_medium=referral,,,https://www.tripadvisor.com/Restaurant_Review-g294217-d2017661-Reviews-Lin_Heung_Kui-Hong_Kong.html,,"Takeout, Seating, Table Service","Sun - Sat
8:00 AM - 9:30 PM",22.287670000000002,4.0,All reviews ; dim sum ; har gau ; liver ; sticky rice ; intestines ; cake ; authentic place ; hot water ; popular with locals ; english menu ; local friends ; chinese restaurant ; carts ; dimsum ; cantonese ; chit ; hk ; ,"2-3/F, No.46-50 Des Voeux Road West, Sheung Wan","Chinese, Asian",
$$$$,,,£20 - £78,http://www.pekinggarden.com.hk/?utm_source=tripadvisori&utm_medium=referral,,,https://www.tripadvisor.com/Restaurant_Review-g294217-d938999-Reviews-Peking_Garden_Restaurant_Alexandra_House-Hong_Kong.html,,"Reservations, Private Dining, Seating, Highchairs Available, Wheelchair Accessible, Serves Alcohol, Accepts Credit Cards, Table Service","Sun - Sat
11:30 AM - 3:00 PM
6:00 PM - 11:30 PM",,4.0,All reviews ; peking duck ; pancakes ; noodles ; hot and sour soup ; chicken ; scallops ; pastry ; dim sum ; fries ; noodle making ; pacific place ; chinese food ; crispy skin ; business lunch ; dishes ; hk ; dough ; ,"16-20 Chater Road Shop B1, Basement 1, Alexandra House",Chinese,
$$ - $$$,,114.154541,,http://www.diningconcepts.com.hk/?utm_source=tripadvisori&utm_medium=referral,,,https://www.tripadvisor.com/Restaurant_Review-g294217-d2433070-Reviews-Tango_Argentinian_Steak_House-Hong_Kong.html,,"Reservations, Seating, Highchairs Available, Wheelchair Accessible, Serves Alcohol, Full Bar, Free Wifi, Accepts Credit Cards, Table Service","Sun - Thu
6:00 PM - 10:30 PM
Sun - Sat
12:00 PM - 2:30 PM
Fri - Sat
6:00 PM - 11:00 PM",22.281666,4.5,All reviews ; empanadas ; steak ; morcilla ; provoleta ; blood sausage ; chorizo ; t bone ; sweetbreads ; french fries ; salad ; side dishes ; cooked medium rare ; wine list ; nice atmosphere ; friday night ; set lunch ; malbec ; ,"1st Floor, Carfield Building, 77 Wyndham Street,Central","Steakhouse, Latin, Argentinean",
$$$$,000000,114.160294,,http://mandarinoriental.com/?utm_source=tripadvisori&utm_medium=referral,,,https://www.tripadvisor.com/Restaurant_Review-g294217-d1792423-Reviews-Man_Wah-Hong_Kong.html,,"Reservations, Private Dining, Seating, Parking Available, Validated Parking, Highchairs Available, Wheelchair Accessible, Serves Alcohol, Full Bar, Accepts Credit Cards, Table Service, Valet Parking","Sun - Sat
6:30 PM - 10:00 PM
Mon - Fri
12:00 PM - 2:30 PM
Sat - Sun
11:30 AM - 3:00 PM",22.281319,4.5,All reviews ; peking duck ; dim sum ; crispy chicken ; petit fours ; abalone ; tasting menu ; pancakes ; pastry ; char siu ; cod fish ; roast goose ; soup ; the mandarin oriental hotel ; manager andy ; cantonese cuisine ; service was impeccable ; victoria harbour ; ,5 Connaught Road Central 5 Connaught Road Central,"Chinese, Asian",
$$$$,,114.174049,£39 - £236,http://www.hongkong-ic.intercontinental.com/dining/lobby_lounge.php?utm_source=tripadvisori&utm_medium=referral,https://hongkong-ic.intercontinental.com/en/dining/lobby-lounge/,,https://www.tripadvisor.com/Restaurant_Review-g294217-d1482758-Reviews-Lobby_Lounge_InterContinental_Hong_Kong-Hong_Kong.html,,,"Sun - Sat
7:00 AM - 12:30 AM",22.293318,4.5,All reviews ; sandwich ; pastry ; pizza ; light show ; high tea ; victoria harbour ; tea set ; skyline ; symphony ; presentation ; ,"18 Salisbury Road, Tsim Sha Tsui InterContinental Hong Kong","Bar, Healthy, International",
$,,,£4 - £8,http://www.mmk.hk/?utm_source=tripadvisori&utm_medium=referral,,,https://www.tripadvisor.com/Restaurant_Review-g294217-d800834-Reviews-Mak_Man_Kee_Noodle_Shop-Hong_Kong.html,,,"Sun - Sat
12:00 PM - 12:30 AM",,4.0,All reviews ; wanton noodles ; beef brisket ; shrimp ; soup ; won ton ; kai lan ; small bowl ; jordan mtr station ; noodle place ; english menu ; cooked just right ; stringy ; taste ; hk ; tendon ; texture ; veggies ; ,"51 Parkes Street, Yaumatei","Chinese, Asian",
$$$$,,114.16826599999999,,http://www.cordishotels0.com/sc/hong-kong/restaurants-and-bars/ming-court/?utm_source=tripadvisori&utm_medium=referral,http://www.cordishotels.com/sc/hong-kong/restaurants-and-bars/ming-court/,,https://www.tripadvisor.com/Restaurant_Review-g294217-d1094822-Reviews-Ming_Court_Cordis_Hong_Kong-Hong_Kong.html,,"Reservations, Private Dining, Seating, Parking Available, Validated Parking, Valet Parking, Highchairs Available, Wheelchair Accessible, Serves Alcohol, Full Bar, Free Wifi, Accepts Credit Cards, Table Service","Sun
10:30 AM - 3:00 PM
Sun - Sat
6:00 PM - 10:30 PM
Mon - Fri
11:00 AM - 2:30 PM
Sat
11:00 AM - 3:00 PM",22.318079,4.0,All reviews ; fried rice ; dim sum ; degustation menu ; wagyu beef ; foie gras ; mango roll ; suckling pig ; sweet and sour pork ; prawns ; abalone ; char siew ; crab ; fries ; seafood ; dry ice ; a michelin star restaurant ; award winning dishes ; ,"6/F, Cordis, Hong Kong at Langham Place 555 Shanghai Street, Mongkok, Kowloon","Chinese, Asian",
$$ - $$$,,114.171799,£25 - £50,http://thepawn.com.hk/?utm_source=tripadvisori&utm_medium=referral,,,https://www.tripadvisor.com/Restaurant_Review-g294217-d1098376-Reviews-The_Pawn-Hong_Kong.html,,"Reservations, Outdoor Seating, Private Dining, Seating, Wheelchair Accessible, Serves Alcohol, Full Bar, Free Wifi, Accepts Credit Cards, Table Service, Digital Payments","Sun
11:30 AM - 1:00 AM
Mon - Thu
12:00 PM - 1:00 AM
Fri - Sat
12:00 PM - 2:00 AM",22.276697,4.0,All reviews ; brunch ; fish pie ; short ribs ; salad ; beef ; tom aikens ; johnston road ; free flow ; set lunch ; set menu ; hk ; floor ; ,"62 Johnston Road, Wan Chai","Bar, European, International",
$$$$,,114.17363700000001,£16 - £79,http://www.hongkong-ic.intercontinental.com/dining/harbourside.php?utm_source=tripadvisori&utm_medium=referral,https://hongkong-ic.intercontinental.com/en/dining/harbourside/,,https://www.tripadvisor.com/Restaurant_Review-g294217-d793034-Reviews-Harbourside_Restaurant-Hong_Kong.html,,"Free Wifi, Reservations, Buffet, Seating, Parking Available, Validated Parking, Valet Parking, Highchairs Available, Wheelchair Accessible, Serves Alcohol, Wine and Beer, Accepts Credit Cards, Table Service","Sun - Sat
6:00 AM - 12:00 AM",22.293344,4.5,All reviews ; brunch ; lobster ; sushi ; shellfish ; foie gras ; roast beef ; tempura ; pasta ; bread ; ice cream ; dim sum ; intercontinental hotel ; intercontinental hong kong ; perrier jouet ; egg station ; victoria harbour ; hot dishes ; ,18 Salisbury Road InterContinental HongKong,"Seafood, Healthy, International",
$$ - $$$,,,£6 - £30,http://www.delaneys.com.hk/?utm_source=tripadvisori&utm_medium=referral,,,https://www.tripadvisor.com/Restaurant_Review-g294217-d1952785-Reviews-Delaney_s_Kowloon_Irish_Bar-Hong_Kong.html,,"Takeout, Reservations, Seating, Television, Serves Alcohol, Full Bar, Accepts American Express, Accepts Mastercard, Accepts Visa, Free Wifi, Accepts Credit Cards, Table Service, Live Music","Sun - Thu
8:00 AM - 1:00 AM
Fri - Sat
8:00 AM - 2:00 AM",,4.0,All reviews ; fish and chips ; shepherds pie ; sunday roast ; mash ; burger ; beef ; irish pub ; great pub ; nathan road ; nathan rd ; taste of home ; ex pats ; mainland china ; on tap ; trip to hong kong ; wan chai ; delaneys ; ,No.77 Peking Road Tsim Sha Tsui,"Irish, Bar, European, British, Pub",
$$ - $$$,,,£24 - £55,http://www.22ships.hk/?utm_source=tripadvisori&utm_medium=referral,,,https://www.tripadvisor.com/Restaurant_Review-g294217-d3602180-Reviews-22_Ships-Hong_Kong.html,,"Seating, Serves Alcohol, Full Bar, Free Wifi, Accepts Credit Cards, Table Service","Sun
12:00 PM - 2:30 PM
6:00 PM - 10:00 PM
Mon - Sat
12:00 PM - 3:00 PM
6:00 PM - 11:00 PM",,4.5,All reviews ; tapas ; jamon ; bone marrow ; walnut pesto ; paella ; padron peppers ; suckling pig ; ham ; octopus ; sliders ; sea bass ; burger ; pork ; bread ; chilli ; wan chai ; open kitchen ; ,"No.22 Ship Street, Wan Chai","European, Spanish, Contemporary",
$$$$,000000,114.15940900000001,,https://Hwww.mandarinoriental.com/hong-kong/victoria-harbour/fine-dining/buffets/international-cuisine/clipper-lounge?htl=MOHKAG0&kw=MOHKAG|_clipper&eng=yexrt&src=local&utm_source=tripadvisori&utm_medium=referral,,,https://www.tripadvisor.com/Restaurant_Review-g294217-d1027723-Reviews-Clipper_Lounge-Hong_Kong.html,,"Reservations, Seating, Serves Alcohol, Accepts American Express, Accepts Mastercard, Accepts Visa, Free Wifi, Valet Parking, Wheelchair Accessible, Accepts Credit Cards, Table Service, Buffet","Sun - Sat
6:30 AM - 10:00 PM",22.281986,4.5,All reviews ; brunch ; scones ; oysters ; fresh seafood ; hainan chicken rice ; cheesecake ; prime rib ; sashimi ; abalone ; dim sum ; pastry ; ice cream ; crab ; bread ; salad ; rose petal jam ; mandarin oriental ; ,5 Connaught Road Central 5 Connaught Road Central,International,
$,,114.195206,,,,,https://www.tripadvisor.com/Restaurant_Review-g294217-d11621345-Reviews-Tim_Ho_Wan-Hong_Kong.html,,,"Sun - Sat
10:00 AM - 9:30 PM",22.291651,4.0,All reviews ; pork buns ; dim sum ; char siu bao ; shrimp ; turnip cake ; sticky rice ; chee cheong fun ; spring rolls ; vermicelli bowl ; cakes ; michelin star ; tick box ; city garden hotel ; wharf road ; chicken feet ; english menu ; lotus leaf ; ,"2-8 Wharf Road, Seaview Building, North Point Shop B, C, & D, G/F","Chinese, Asian",
$,,114.171921,£4 - £12,,,,https://www.tripadvisor.com/Restaurant_Review-g294217-d799819-Reviews-Nathan_Congee_And_Noodle-Hong_Kong.html,,,"Sun - Sat
7:30 AM - 11:00 PM",22.307032,4.0,All reviews ; liver ; porridge ; noodles ; century egg ; pork ; fritters ; preserved egg ; sliced fish ; novotel nathan road ; chinese donut ; english menu ; jordan mtr station ; jordan area ; small eatery ; comfort food ; simple meal ; oyster sauce ; ,"11 Sai Kung Street,, Jordan","Chinese, Asian",
$$ - $$$,,,,http://www.diningconcepts.com/restaurants/Al-Molo?utm_source=tripadvisori&utm_medium=referral,,,https://www.tripadvisor.com/Restaurant_Review-g294217-d2165749-Reviews-AL_MOLO_RISTORANTE_ITALIANO_Michael_White-Hong_Kong.html,,,"Sun - Sat
12:00 PM - 11:00 PM",,4.0,All reviews ; brunch ; pizza ; salad ; parma ham ; cold cuts ; bread ; sea bass ; cake ; ocean terminal ; italian food ; laser show ; outdoor seating ; great wine ; delicious meal ; hong kong island ; harbour view ; by the glass ; ,"Shop G63, G/F, Ocean Terminal, Harbour City, 3-27 Canton Road, Tsim Sha Tsui, Kowloon","Italian, Pizza, European",
$,,114.15158799999999,,,,,https://www.tripadvisor.com/Restaurant_Review-g294217-d2719190-Reviews-Sang_Kee_Congee_Shop-Hong_Kong.html,,"Takeout, Seating, Table Service","Mon - Sat
6:30 AM - 9:00 PM",22.285355,4.5,All reviews ; fish congee ; porridge ; century egg ; liver ; pork balls ; fried fritters ; fish slices ; meatballs ; doughnuts ; fries ; soy sauce ; piping hot ; large bowl ; spring onion ; cityview hotel ; comfort food ; english menu ; ,"Ground Floor, 7 - 9 Butt Street, Sheung Wan","Chinese, Asian",
$$$$,,,,http://www.ottoemeznznobombana.com/?utm_source=tripadvisori&utm_medium=referral,,,https://www.tripadvisor.com/Restaurant_Review-g294217-d2423554-Reviews-8_1_2_Otto_e_Mezzo_Bombana-Hong_Kong.html,,"Reservations, Private Dining, Seating, Wheelchair Accessible, Serves Alcohol, Full Bar, Accepts Credit Cards, Table Service","Mon - Sat
12:00 PM - 2:30 PM
6:30 PM - 10:30 PM",,4.5,All reviews ; truffle ; pasta ; veal chop ; tagliolini ; baby lamb ; bread ; blue lobster ; degustation menu ; petit fours ; caviar ; amuse bouche ; abalone ; short ribs ; octopus ; soup ; potatoes ; star michelin restaurant ; ,"202 Alexandra, 18 House Chater Rd.Central","Italian, European",
$$ - $$$,,,,http://www.little-bao.com/?utm_source=tripadvisori&utm_medium=referral,,,https://www.tripadvisor.com/Restaurant_Review-g294217-d6420711-Reviews-Little_Bao-Hong_Kong.html,,"Takeout, Seating, Serves Alcohol, Full Bar, Accepts Mastercard, Accepts Visa, Cash Only, Free Wifi, Accepts Credit Cards, Table Service","Sun - Sat
6:00 PM - 11:00 PM
Sat - Sun
12:00 PM - 4:00 PM",,4.5,All reviews ; truffle fries ; baos ; pork belly ; ice cream ; brussel sprouts ; burger ; dumplings ; hot chicken ; short ribs ; clams ; female chef ; big taste ; bar seating ; great little place ; waiting list ; green tea ; staunton street ; ,"G/F 66 Staunton Street, Central","Asian, International, Fusion",
$,999077,114.172699,,,,,https://www.tripadvisor.com/Restaurant_Review-g294217-d4928934-Reviews-Canton_s_Dim_Sum_Expert_Tsim_Sha_Tsui-Hong_Kong.html,,"Takeout, Seating, Serves Alcohol, Table Service",,22.298189,4.0,All reviews ; dim sum ; dumplings ; truffle mushroom ; shumai ; rice ; spareribs ; radish cake ; shrimp ; siew mai ; spring rolls ; cakes ; soup ; shark fin ; ordered dishes ; tim sum ; fast service ; milk tea ; ,"No.11 Humphreys Avenue B/F, Tsim Sha Tsui","Chinese, Asian",
$$$$,852,,£39 - £788,http://www.ritzncarlton.com/en/hotels0/china/hong-kong/dining/cafe-103?utm_source=tripadvisori&utm_medium=referral,,,https://www.tripadvisor.com/Restaurant_Review-g294217-d3600498-Reviews-Cafe_103-Hong_Kong.html,,"Reservations, Seating, Validated Parking, Valet Parking, Highchairs Available, Wheelchair Accessible, Serves Alcohol, Full Bar, Wine and Beer, Accepts American Express, Accepts Mastercard, Accepts Visa, Free Wifi, Accepts Discover, Accepts Credit Cards, Table Service, Buffet, Parking Available","Sun - Sat
3:30 PM - 5:30 PM
6:30 PM - 10:00 PM
Mon - Fri
12:00 PM - 2:00 PM
Sat - Sun
12:00 PM - 2:30 PM",,4.5,All reviews ; seafood ; cakes ; fresh oysters ; cold cuts ; ice cream ; tiramisu ; salad ; salmon ; high tea ; ritz carlton ; tea set ; dinner buffet ; fabulous buffet ; nice afternoon tea ; birthday dessert ; window seat ; night view ; ,"1 Austin Road West International Commerce Centre,","Seafood, Cafe, International",
$$ - $$$,999077,,£12 - £78,http://www.mayfare.com.hk/gaylord-overview.php?utm_source=tripadvisori&utm_medium=referral,,,https://www.tripadvisor.com/Restaurant_Review-g294217-d799972-Reviews-Gaylord_Indian_Restaurant-Hong_Kong.html,,,"Sun - Sat
12:00 PM - 2:30 PM
6:00 PM - 11:00 PM",,4.0,All reviews ; naan ; lamb vindaloo ; butter chicken ; truffle ; mango ; live indian music ; ashley road ; tasty indian food ; great indian ; buffet lunch ; in tsim sha tsui ; hk ; hong ; lift ; floor ; cuisine ; ,"5/F, Prince Tower, 12A Peking Road, Tsim Sha Tsui, Kowloon","Indian, Asian",
$$$$,,114.170189,"£94 - £1,251",http://www.langhamhotels0.com/en/the-langham/hong-kong/dining/tang-court/?utm_source=tripadvisori&utm_medium=referral,,,https://www.tripadvisor.com/Restaurant_Review-g294217-d1023200-Reviews-T_ang_Court_The_Langham_Hong_Kong-Hong_Kong.html,,"Parking Available, Serves Alcohol, Free Wifi, Reservations, Private Dining, Seating, Validated Parking, Valet Parking, Highchairs Available, Wheelchair Accessible, Full Bar, Accepts Credit Cards, Table Service",,22.296426999999998,4.0,All reviews ; tasting menu ; peking duck ; abalone ; baked oysters ; fried rice ; dim sum ; chicken ; cod ; crab ; egg tarts ; prawns ; seafood ; cake ; fries ; tang court ; cantonese food ; star michelin ; ,No.8 Peking Road Tsim Sha Tsui,"Chinese, Asian",
$$ - $$$,,,£10 - £25,http://www.carpaccio.com.hk/?utm_source=tripadvisori&utm_medium=referral,,,https://www.tripadvisor.com/Restaurant_Review-g294217-d1880782-Reviews-Carpaccio_Pasta_Pizza_Vino-Hong_Kong.html,,,"Sun - Sat
11:30 AM - 11:30 PM",,4.5,All reviews ; carpaccio ; pizza ; tiramisu ; carbonara ; salad ; truffle ; ham ; salmon ; steak ; bread ; seafood ; italian food ; italian gem ; shopping mall ; third floor ; friendly atmosphere ; tsim sha tsui ; ,"Shop 307, 3rd Floor, iSQUARE, No.63 Nathan Road, Tsim Sha Tsui","Italian, Pizza, European",
$$ - $$$,,114.153023,£10 - £25,http://www.motorinohongkong.com/?utm_source=tripadvisori&utm_medium=referral,,,https://www.tripadvisor.com/Restaurant_Review-g294217-d4361851-Reviews-Motorino_SoHo-Hong_Kong.html,,"Free Wifi, Delivery, Takeout, Reservations, Seating, Highchairs Available, Serves Alcohol, Accepts Mastercard, Accepts Visa, Accepts Credit Cards, Table Service","Sun - Sat
12:00 PM - 12:00 AM",22.281677,4.5,All reviews ; pizza ; prosciutto di parma ; tiramisu ; meatballs ; antipasti ; salad ; brussels sprouts ; cakes ; chilli ; shelley street ; quattro formaggi ; the mid level escalators ; the wan chai branch ; thin crust ; places in hong kong ; fresh ingredients ; nice service ; ,"G/F, 14 Shelley Street, Central 15 Ship Street, Wan Chai","Italian, Pizza",
$$ - $$$,2730 3508,,,http://www.diningconcepts.com/restaurants/BLT-Steak?utm_source=tripadvisori&utm_medium=referral,,,https://www.tripadvisor.com/Restaurant_Review-g294217-d1776480-Reviews-BLT_Steak_Ocean_Terminal-Hong_Kong.html,,,"Sun - Sat
11:00 AM - 11:00 PM",,4.0,All reviews ; brunch ; blt ; steak ; yorkshire pudding ; bread ; popovers ; salad ; potato gratin ; new york strip ; fries ; crepes ; oysters ; chicken ; ice cream ; australian fillet ; delicious sides ; side orders ; ,"Shop G62, G/F, Ocean Terminal, Harbour City, 3-27 Canton Road, Tsim Sha Tsui, Kowloon","American, Steakhouse",
$$$$,,114.170998,,http://www.boinnovation.com/?utm_source=tripadvisori&utm_medium=referral,,,https://www.tripadvisor.com/Restaurant_Review-g294217-d793088-Reviews-Bo_Innovation-Hong_Kong.html,,"Reservations, Outdoor Seating, Seating, Wheelchair Accessible, Serves Alcohol, Full Bar, Free Wifi, Accepts Credit Cards, Table Service","Mon - Thu
6:30 PM - 10:00 PM
Mon - Fri
12:00 PM - 2:00 PM
Fri - Sat
6:00 PM - 10:00 PM",22.276276,4.5,All reviews ; tasting menu ; foie gras ; gyu ; xiao long bao ; quail egg ; cod ; suckling pig ; beef ; unagi ; abalone ; prawns ; dim sum ; rice ; seafood ; molecular gastronomy ; chinese cuisine ; chef alvin ; ,"Shop 13, 2/F J Residence; 60 Johnston Road,Wan Chai (Lift entrance at top of Ship Street)","Chinese, Asian",
$$ - $$$,,114.184647,,http://www.tasty.com.hk/?utm_source=tripadvisori&utm_medium=referral,,,https://www.tripadvisor.com/Restaurant_Review-g294217-d1811458-Reviews-Ho_Hung_Kee-Hong_Kong.html,,"Takeout, Seating, Highchairs Available, Wheelchair Accessible, Serves Alcohol, Accepts Credit Cards, Table Service","Sun - Sat
11:30 AM - 11:30 PM",22.280174,4.0,All reviews ; wanton noodles ; soup ; porridge ; dim sum ; beef ; prawns ; siew mai ; fries ; chilli ; hysan place ; michelin star ; causeway bay ; airport branch ; al dente ; michelin guide ; street level ; comfort food ; ,"12th Floor, Hysan Place, 500 Hennessy Road, Causeway Bay","Chinese, Asian",
$,,,£4 - £8,,,,https://www.tripadvisor.com/Restaurant_Review-g294217-d779820-Reviews-Lan_Fong_Yuen_Central-Hong_Kong.html,,"Takeout, Seating, Table Service","Sun - Sat
10:30 AM - 10:30 PM",,3.5,All reviews ; french toast ; noodles ; chicken ; bao ; milk tea ; authentic hk ; thirst quencher ; hong kong breakfast ; quick breakfast ; spring onion ; small place ; bun ; queue ; yeung ; tang ; takeaway ; foreigners ; ,G/F2 Gage Street Central,"Chinese, Asian",
$$ - $$$,,,,http://taipingkoon.com/?utm_source=tripadvisori&utm_medium=referral,,,https://www.tripadvisor.com/Restaurant_Review-g294217-d3927685-Reviews-Tai_Ping_Koon_Restaurant_Mau_Lam_Street-Hong_Kong.html,,"Takeout, Reservations, Seating, Serves Alcohol, Accepts Credit Cards, Table Service","Sun - Sat
11:00 AM - 12:00 AM",,4.0,All reviews ; souffle ; chicken wings ; ox tongue ; roast pigeon ; flat rice noodles ; borscht ; soup ; beef chow fun ; prawns ; steak ; swiss sauce ; western food ; portuguese style ; hong kong style ; sweet soy sauce ; their signature dish ; nathan road ; ,"G/F, 19-21 Mau Lam Street, Yau Ma Tei, Kowloon, Jordan","Asian, Chinese, International",
