address,city,country,cuisines,features,id_outlet,lat,lon,menu,name,opening_hours,phone,postal_code,price_level,price_range,rating,region,reviews_nr,special_diets,street,tags,url,website
"No.1 Austin Road West | International Commerce Centre,, Hong Kong, China",,China,Bar,"Outdoor Seating, Seating, Parking Available, Validated Parking, Valet Parking, Serves Alcohol, Full Bar, Accepts American Express, Accepts Mastercard, Accepts Visa, Free Wifi, Reservations, Wheelchair Accessible, Accepts Credit Cards, Table Service, Wine and Beer, Live Music",https://www.tripadvisor.com/Restaurant_Review-g294217-d2198231-Reviews-OZONE-Hong_Kong.html,22.303398,114.16018700000001,,OZONE,,+852 2263 2270,,$$$$,£24 - £118,4.5,,3970.0,,"No.1 Austin Road West International Commerce Centre,",All reviews ; brunch ; tapas ; highest bar in the world ; the ritz carlton ; dom perignon ; clear night ; icc building ; view of hong kong ; great drinks ; spectacular views ; rooftop bar ; light show ; top floor ; victoria harbour ; free flow ; visiting hong kong ; jd ; ,https://www.tripadvisor.com/Restaurant_Review-g294217-d2198231-Reviews-OZONE-Hong_Kong.html,http://www.ritzncarlton.com/en/Properties/HongKAong/Ddining/Ddefault.htm8?utm_source=tripadvisori&utm_medium=referral
"Shop 72, G/F, Olympian City 2, 18 Hoi Ting Road, Tai Kok Tsui | Olympian City Mall, Hong Kong, China",,China,"Chinese, Asian","Takeout, Seating, Table Service",https://www.tripadvisor.com/Restaurant_Review-g294217-d1745792-Reviews-Tim_Ho_Wan_the_Dim_Sum_Specialists-Hong_Kong.html,,,,"Tim Ho Wan, the Dim-Sum Specialists","Sun - Sat
10:00 AM - 9:30 PM",+852 2332 2896,,$,,4.0,,3188.0,,"Shop 72, G/F, Olympian City 2, 18 Hoi Ting Road, Tai Kok Tsui Olympian City Mall",All reviews ; pork buns ; dim sum ; char siu bao ; turnip cake ; cakes ; shrimp ; sticky rice ; spring rolls ; pastry ; fries ; michelin star ; olympian city ; worth the wait ; sham shui po ; chicken feet ; queue number ; order form ; ,https://www.tripadvisor.com/Restaurant_Review-g294217-d1745792-Reviews-Tim_Ho_Wan_the_Dim_Sum_Specialists-Hong_Kong.html,http://www.timhowan.com/?utm_source=tripadvisori&utm_medium=referral
"29/F & 30/F, 1 Peking Road, Tsim Sha Tsui, Hong Kong, China",,China,"Italian, Japanese, European, Asian, Sushi","Reservations, Private Dining, Seating, Serves Alcohol, Full Bar, Free Wifi, Accepts Credit Cards, Table Service",https://www.tripadvisor.com/Restaurant_Review-g294217-d779644-Reviews-Aqua_Roma_Aqua_Tokyo_Aqua_Spirit-Hong_Kong.html,22.296136999999998,114.16991399999999,,"Aqua Roma, Aqua Tokyo & Aqua Spirit","Sun - Sat
12:00 PM - 3:00 PM
6:00 PM - 11:00 PM",+852 3427 2288,,$$$$,£19 - £100,4.5,,3039.0,,"29/F & 30/F, 1 Peking Road, Tsim Sha Tsui",All reviews ; brunch ; dessert platter ; sushi ; tempura ; cod ; tasting menu ; pasta ; wagyu beef ; truffle ; light show ; laser show ; peking road ; window table ; the hong kong skyline ; special occasion ; spectacular views ; victoria harbour ; ,https://www.tripadvisor.com/Restaurant_Review-g294217-d779644-Reviews-Aqua_Roma_Aqua_Tokyo_Aqua_Spirit-Hong_Kong.html,http://www.aq_ua.com.hk/?utm_source=tripadvisori&utm_medium=referral
"G/F 209A-209B Tung Choi Street | Prince Edward, Hong Kong, China",,China,Chinese,"Takeout, Seating, Table Service",https://www.tripadvisor.com/Restaurant_Review-g294217-d2540306-Reviews-One_Dim_Sum_Chinese_Restaurant-Hong_Kong.html,22.325438000000002,114.16925,,One Dim Sum Chinese Restaurant,"Mon - Fri
10:00 AM - 12:00 AM
Sat - Sun
9:00 AM - 12:00 AM",+852 2789 2280,,$,,4.5,,2686.0,,G/F 209A-209B Tung Choi Street Prince Edward,All reviews ; dim sum ; mango custard ; siew mai ; shrimp dumplings ; sticky rice ; spring rolls ; pork ; cheung fun ; fries ; cakes ; prince edward station ; flower market ; worth the wait ; playing field road ; queue number ; ordered dishes ; long queue ; ,https://www.tripadvisor.com/Restaurant_Review-g294217-d2540306-Reviews-One_Dim_Sum_Chinese_Restaurant-Hong_Kong.html,
"No.68 Yee Wo Street, Causeway Bay, Hong Kong, China",,China,"Chinese, Asian, Taiwanese","Takeout, Seating, Highchairs Available, Wheelchair Accessible, Serves Alcohol, Accepts Credit Cards, Table Service",https://www.tripadvisor.com/Restaurant_Review-g294217-d2706744-Reviews-Din_Tai_Fung_Yee_Wo_Branch-Hong_Kong.html,22.27927,114.18623400000001,,Din Tai Fung (Yee Wo Branch),"Sun - Sat
11:30 AM - 10:00 PM",+852 3160 8998,,$$ - $$$,,4.5,,2092.0,,"No.68 Yee Wo Street, Causeway Bay",All reviews ; dumplings ; xiao long bao ; dim sum ; xiaolongbao ; pork ; drunken chicken ; hot and sour soup ; truffle ; shrimp ; rice ; causeway bay ; regal hotel ; michelin star ; efficient service ; wait for a table ; worth the wait ; long queue ; ,https://www.tripadvisor.com/Restaurant_Review-g294217-d2706744-Reviews-Din_Tai_Fung_Yee_Wo_Branch-Hong_Kong.html,http://www.dintaifung.com.tw/en/areaA_a_detail.asp?AreaNO=208&AreaCountryNO=4&utm_source=tripadvisori&utm_medium=referral
"1 Peking Road, Tsim Sha Tsui | 28/f, Hong Kong, China",,China,"Chinese, Asian","Reservations, Private Dining, Seating, Wheelchair Accessible, Serves Alcohol, Full Bar, Free Wifi, Accepts Credit Cards, Table Service",https://www.tripadvisor.com/Restaurant_Review-g294217-d1367659-Reviews-Hutong-Hong_Kong.html,22.29615,114.169975,,Hutong,"Sun - Sat
12:00 PM - 3:00 PM
6:00 PM - 11:00 PM",+852 3428 8342,,$$$$,£25 - £71,4.0,,1846.0,,"1 Peking Road, Tsim Sha Tsui 28/f",All reviews ; brunch ; crispy lamb ; soft shell crab ; tasting menu ; prawns ; spring rolls ; pancakes ; rice ; lobster ; dim sum ; fries ; light show ; window table ; red lantern ; aqua bar ; laser show ; peking road ; ,https://www.tripadvisor.com/Restaurant_Review-g294217-d1367659-Reviews-Hutong-Hong_Kong.html,http://hutong.com.hk/?utm_source=tripadvisori&utm_medium=referral
"Shop 12A, Hong Kong Station Podium Level 1, IFC Mall , Central, Hong Kong, China",,China,"Chinese, Asian","Takeout, Seating, Table Service",https://www.tripadvisor.com/Restaurant_Review-g294217-d2422144-Reviews-Tim_Ho_Wan_Central-Hong_Kong.html,22.284927,114.158295,,Tim Ho Wan (Central),"Sun - Sat
9:00 AM - 9:00 PM",+852 2332 3078,,$,,4.0,,1742.0,,"Shop 12A, Hong Kong Station Podium Level 1, IFC Mall , Central",All reviews ; pork buns ; dim sum ; turnip cake ; char siu bao ; sticky rice ; shrimp ; cakes ; cheung fun ; spring rolls ; fries ; ifc mall ; michelin star ; hong kong station ; airport express ; chicken feet ; long queue ; worth the wait ; ,https://www.tripadvisor.com/Restaurant_Review-g294217-d2422144-Reviews-Tim_Ho_Wan_Central-Hong_Kong.html,http://www.timhowan.com/?utm_source=tripadvisori&utm_medium=referral
"G/F, 47-49 Parkes Street, Jordan, Hong Kong, China",,China,Chinese,,https://www.tripadvisor.com/Restaurant_Review-g294217-d776832-Reviews-Australia_Dairy_Company-Hong_Kong.html,,,,Australia Dairy Company,"Fri - Wed
7:30 AM - 11:00 PM",+852 2730 1356,,$,£2 - £8,3.5,,1728.0,,"G/F, 47-49 Parkes Street, Jordan",All reviews ; macaroni ; milk pudding ; steamed egg ; ham ; french toast ; soup ; sandwich ; char siew ; fries ; breakfast set ; long queue ; english menu ; queue moves ; yee shun ; hk style ; worth the wait ; set menu ; ,https://www.tripadvisor.com/Restaurant_Review-g294217-d776832-Reviews-Australia_Dairy_Company-Hong_Kong.html,
"3/F, Silvercord, No.30 Canton Road, Tsim Sha Tsui, Kowloon, Hong Kong, China",,China,"Chinese, Asian, Taiwanese","Takeout, Seating, Highchairs Available, Wheelchair Accessible, Serves Alcohol, Accepts Credit Cards, Table Service",https://www.tripadvisor.com/Restaurant_Review-g294217-d5400408-Reviews-Din_Tai_Fung_Silvercord-Hong_Kong.html,,,,Din Tai Fung (Silvercord),"Sun - Sat
11:30 AM - 10:00 PM",+852 2730 6928,,$$ - $$$,,4.5,,1660.0,,"3/F, Silvercord, No.30 Canton Road, Tsim Sha Tsui, Kowloon",All reviews ; dumplings ; xiao long bao ; dim sum ; xiaolongbao ; pork ; shrimp ; soup ; truffle ; rice ; shopping centre ; michelin star ; third floor ; spicy sauce ; efficient service ; chinese tea ; wait for a table ; top floor ; ,https://www.tripadvisor.com/Restaurant_Review-g294217-d5400408-Reviews-Din_Tai_Fung_Silvercord-Hong_Kong.html,http://www.dintaifung.com.hk/?utm_source=tripadvisori&utm_medium=referral
"32-40 Wellington Street | Central, Hong Kong, China",,China,"Chinese, Asian",,https://www.tripadvisor.com/Restaurant_Review-g294217-d785057-Reviews-Yung_Kee_Restaurant-Hong_Kong.html,22.281558999999998,114.155731,,Yung Kee Restaurant,"Sun - Sat
11:00 AM - 11:00 PM",+852 2522 1624,,$$$$,£10 - £50,3.5,,1659.0,,32-40 Wellington Street Central,All reviews ; century egg ; roast goose ; char siew ; preserved egg ; bbq pork ; fried rice ; prawns ; dim sum ; fries ; pickled ginger ; excellent roast ; crispy skin ; cantonese food ; charcoal ; signature ; tender ; pigeon ; ,https://www.tripadvisor.com/Restaurant_Review-g294217-d785057-Reviews-Yung_Kee_Restaurant-Hong_Kong.html,http://www.yungkee.com.hk/?utm_source=tripadvisori&utm_medium=referral
"Salisbury Road, Hong Kong, China",,China,"European, British, International",,https://www.tripadvisor.com/Restaurant_Review-g294217-d878088-Reviews-The_Lobby_at_the_Peninsula_Hong_Kong-Hong_Kong.html,22.294752,114.17182199999999,,The Lobby at the Peninsula Hong Kong,"Sun - Sat
10:00 AM - 12:00 AM",+852 2696 6772,,$$$$,£30 - £50,4.0,,1616.0,,Salisbury Road,All reviews ; scones ; cucumber sandwiches ; cake ; salmon ; high tea ; string quartet ; tea service ; iconic hotel ; hotel guests ; long wait ; tea set ; hot water ; queue ; hong ; decadent ; asia ; ,https://www.tripadvisor.com/Restaurant_Review-g294217-d878088-Reviews-The_Lobby_at_the_Peninsula_Hong_Kong-Hong_Kong.html,http://www.peninsula.com/en/hong-kong/hotel-fine-dining/the-lobby-afternoon-tea?utm_source=tripadvisori&utm_medium=referral
"Shum Wan Pier Dr | Wong Chuk Hang, Hong Kong, China",,China,"Seafood, Chinese, International, Fusion","Validated Parking, Serves Alcohol, Accepts American Express, Accepts Mastercard, Accepts Visa, Free Wifi, Reservations, Private Dining, Seating, Highchairs Available, Full Bar, Accepts Credit Cards, Table Service, Buffet",https://www.tripadvisor.com/Restaurant_Review-g294217-d1207531-Reviews-Jumbo_Kingdom_Floating_Restaurant-Hong_Kong.html,22.243668,114.162582,,Jumbo Kingdom Floating Restaurant,"Sun
9:00 AM - 11:30 PM
Mon - Sat
11:00 AM - 11:30 PM",+852 2553 9111,,$$ - $$$,,3.5,,1574.0,,Shum Wan Pier Dr Wong Chuk Hang,All reviews ; dim sum ; gumbos ; dumplings ; boat ride ; aberdeen harbour ; small boat ; combo ; sampan ; floor ; mtr ; wan ; cantonese ; ,https://www.tripadvisor.com/Restaurant_Review-g294217-d1207531-Reviews-Jumbo_Kingdom_Floating_Restaurant-Hong_Kong.html,http://www.jumbo.com.hk/eng/main.php?utm_source=tripadvisori&utm_medium=referral
"L49 The Upper House, Pacific Place, No.88 Queensway, Admiralty, Hong Kong, China",,China,"International, European","Reservations, Private Dining, Seating, Parking Available, Validated Parking, Valet Parking, Wheelchair Accessible, Serves Alcohol, Full Bar, Free Wifi, Accepts Credit Cards, Table Service, Wine and Beer",https://www.tripadvisor.com/Restaurant_Review-g294217-d1811943-Reviews-Cafe_Gray_Deluxe-Hong_Kong.html,22.277157,114.16606100000001,https://www.upperhouse.com/en/~/media/Files/The_Upper_House/PDF/CGD-Menu/Cafe_Gray_Deluxe_Menu_20190619.pdf,Cafe Gray Deluxe,"Sun - Sat
6:30 AM - 10:30 PM",+852 3968 1106,,$$$$,,4.5,,1512.0,,"L49 The Upper House, Pacific Place, No.88 Queensway, Admiralty",All reviews ; brunch ; steak tartare ; sea bass ; scones ; bread ; salad ; cafe grey ; house hotel ; market menu ; top floor ; pacific place ; jw marriott ; window seat ; high tea ; views of hong kong ; victoria harbour ; special occasion ; ,https://www.tripadvisor.com/Restaurant_Review-g294217-d1811943-Reviews-Cafe_Gray_Deluxe-Hong_Kong.html,http://www.cafegrayhk.com/?utm_source=tripadvisori&utm_medium=referral
"Shop 304 & 305, Level 3, The Peak Tower, 128 Peak Road, Hong Kong, China",,China,"American, Bar, Seafood",,https://www.tripadvisor.com/Restaurant_Review-g294217-d799966-Reviews-Bubba_Gump_Shrimp_Co-Hong_Kong.html,,,http://bubbagump.hk/docs/menus/menu1.pdf,Bubba Gump Shrimp Co.,"Sun - Thu
11:30 AM - 10:00 PM
Fri - Sat
11:30 AM - 10:30 PM",+852 2849 2867,,$$ - $$$,£25 - £35,4.0,,1380.0,,"Shop 304 & 305, Level 3, The Peak Tower, 128 Peak Road",All reviews ; shrimp ; seafood ; garlic bread ; ribs ; fries ; steak ; salad ; victoria peak ; window seat ; sky terrace ; american food ; tram ; hk ; harbour ; queue ; kowloon ; ,https://www.tripadvisor.com/Restaurant_Review-g294217-d799966-Reviews-Bubba_Gump_Shrimp_Co-Hong_Kong.html,http://bubbagump.hk/?utm_source=tripadvisori&utm_medium=referral
"1 Austin Road West | 102/F, The Ritz-Carlton, International Commerce Centre, Hong Kong, China",,China,"Chinese, Asian","Seating, Parking Available, Validated Parking, Valet Parking, Serves Alcohol, Wine and Beer, Accepts American Express, Accepts Mastercard, Accepts Visa, Free Wifi, Reservations, Private Dining, Highchairs Available, Wheelchair Accessible, Digital Payments, Accepts Discover, Accepts Credit Cards, Table Service",https://www.tripadvisor.com/Restaurant_Review-g294217-d2399904-Reviews-Tin_Lung_Heen-Hong_Kong.html,22.303358,114.16018700000001,,Tin Lung Heen,"Sun - Sat
6:00 PM - 10:30 PM
Mon - Fri
12:00 PM - 2:30 PM
Sat - Sun
11:30 AM - 3:00 PM",+852 2263 2270,,$$$$,£50 - £502,4.5,,1380.0,,"1 Austin Road West 102/F, The Ritz-Carlton, International Commerce Centre",All reviews ; iberian pork ; shrimp toast ; dim sum ; abalone ; garoupa ; char siu ; degustation menu ; fish meat ; crab ; soup ; dumplings ; cakes ; truffle ; the ritz carlton ; window table ; chinese restaurant ; private room ; ,https://www.tripadvisor.com/Restaurant_Review-g294217-d2399904-Reviews-Tin_Lung_Heen-Hong_Kong.html,http://www.ritzncarlton.com/en/hotels0/china/hong-kong/dining/tin-lung-heen?utm_source=tripadvisori&utm_medium=referral
"G/F, 9-11 Fuk Wing Street, Hong Kong, China",,China,"Chinese, Asian","Takeout, Seating, Table Service",https://www.tripadvisor.com/Restaurant_Review-g294217-d3749262-Reviews-Tim_Ho_Wan_Sham_Shui_Po-Hong_Kong.html,22.329348,114.16644299999999,,Tim Ho Wan Sham Shui Po,,+852 2788 1226,,$,,4.0,,1350.0,,"G/F, 9-11 Fuk Wing Street",All reviews ; pork buns ; dim sum ; char siu bao ; spareribs ; vermicelli bowl ; sticky rice ; shrimp ; liver ; cakes ; cheung fun ; spare ribs ; spring rolls ; pastry ; fries ; michelin star ; chicken feet ; fuk wing street ; ,https://www.tripadvisor.com/Restaurant_Review-g294217-d3749262-Reviews-Tim_Ho_Wan_Sham_Shui_Po-Hong_Kong.html,http://www.timhowan.com/?utm_source=tripadvisori&utm_medium=referral
"2/F, Low Block, City Hall, Central, Hong Kong, China",,China,"Chinese, Asian","Reservations, Seating, Highchairs Available, Wheelchair Accessible, Serves Alcohol, Accepts Credit Cards, Table Service",https://www.tripadvisor.com/Restaurant_Review-g294217-d798091-Reviews-City_Hall_Maxim_s_Palace-Hong_Kong.html,22.282743,114.16165900000001,,City Hall Maxim's Palace,"Sun
9:00 AM - 3:00 PM
Sun - Sat
5:30 PM - 11:30 PM
Mon - Sat
11:00 AM - 3:00 PM",+852 2521 1303,,$$ - $$$,£10 - £50,4.0,,1296.0,,"2/F, Low Block, City Hall, Central",All reviews ; dim sum ; mango pudding ; har gow ; pork buns ; egg tarts ; shrimp ; ladies pushing ; trolley service ; push cart ; yum cha ; trolley ladies ; banquet hall ; worth the wait ; long wait ; hong kong experience ; chicken feet ; wait for a table ; ,https://www.tripadvisor.com/Restaurant_Review-g294217-d798091-Reviews-City_Hall_Maxim_s_Palace-Hong_Kong.html,http://www.maxrimschinese.com.hk/eng/restaurant/indexr.aspxr?utm_source=tripadvisori&utm_medium=referral
"2/F, 42 Mody Road, Tsim Sha Tsui, Hong Kong, China",,China,"Chinese, Asian",,https://www.tripadvisor.com/Restaurant_Review-g294217-d943734-Reviews-Spring_Deer-Hong_Kong.html,22.297293,114.174797,,Spring Deer,"Sun - Sat
12:00 PM - 3:00 PM
6:00 PM - 11:00 PM",+852 2366 4012,,$$ - $$$,£16 - £23,4.0,,1281.0,,"2/F, 42 Mody Road, Tsim Sha Tsui",All reviews ; peking duck ; pancakes ; shredded beef ; shark fin soup ; bamboo shoots ; spring rolls ; pastry ; noodles ; bread ; fries ; great duck ; sesame pockets ; plum sauce ; no reservation ; chinese food ; crispy skin ; waiters ; ,https://www.tripadvisor.com/Restaurant_Review-g294217-d943734-Reviews-Spring_Deer-Hong_Kong.html,
"Basement, Standard Chartered Bank Building, No.4-4A Des Voeux Road Central, Central, Hong Kong, China",,China,"Chinese, Asian","Reservations, Private Dining, Seating, Serves Alcohol, Full Bar, Free Wifi, Accepts Credit Cards, Table Service",https://www.tripadvisor.com/Restaurant_Review-g294217-d6579151-Reviews-Mott_32-Hong_Kong.html,22.280712,114.159302,,Mott 32,"Sun - Sat
12:00 PM - 2:30 PM
6:00 PM - 11:00 PM",+852 2885 8688,,$$$$,,4.5,,1253.0,,"Basement, Standard Chartered Bank Building, No.4-4A Des Voeux Road Central, Central",All reviews ; iberico pork ; peking duck ; dim sum ; char siu ; cod ; soup dumplings ; pancakes ; frog legs ; har gow ; truffle ; prawns ; crab ; ice cream ; chicken ; fries ; the standard chartered bank ; apple wood ; ,https://www.tripadvisor.com/Restaurant_Review-g294217-d6579151-Reviews-Mott_32-Hong_Kong.html,http://www.mott32.com/?utm_source=tripadvisori&utm_medium=referral
"1 Austin Road West | International Commerce Centre,, Hong Kong, China",,China,"Italian, European","Seating, Parking Available, Validated Parking, Valet Parking, Serves Alcohol, Wine and Beer, Accepts American Express, Accepts Mastercard, Accepts Visa, Free Wifi, Reservations, Private Dining, Highchairs Available, Wheelchair Accessible, Full Bar, Accepts Credit Cards, Table Service",https://www.tripadvisor.com/Restaurant_Review-g294217-d2161545-Reviews-Tosca_di_Angelo-Hong_Kong.html,22.303356,114.16018700000001,,Tosca di Angelo,"Sun
11:30 AM - 3:00 PM
Sun - Sat
6:30 PM - 10:30 PM
Mon - Sat
12:00 PM - 2:30 PM",+852 2263 2270,,$$$$,"£158 - £3,941",4.5,,1230.0,,"1 Austin Road West International Commerce Centre,",All reviews ; brunch ; tiramisu ; beef carpaccio ; pasta ; lobster ; sea bass ; langoustines ; tasting menu ; bread ; truffle ; cake ; caviar ; chef pino ; the ritz carlton ; icc building ; window table ; italian cuisine ; ,https://www.tripadvisor.com/Restaurant_Review-g294217-d2161545-Reviews-Tosca_di_Angelo-Hong_Kong.html,http://www.ritzncarlton.com/en/hotels0/china/hong-kong/dining/tosca?utm_source=tripadvisori&utm_medium=referral
"1 Austin Road West | International Commerce Centre, Hong Kong, China",,China,"Bar, International, Pub","Reservations, Private Dining, Seating, Parking Available, Validated Parking, Valet Parking, Highchairs Available, Wheelchair Accessible, Serves Alcohol, Full Bar, Free Wifi, Accepts Credit Cards, Table Service",https://www.tripadvisor.com/Restaurant_Review-g294217-d2166297-Reviews-The_Lounge_Bar-Hong_Kong.html,,,,The Lounge & Bar,,+852 2263 2270,,$$$$,,4.5,,1165.0,,1 Austin Road West International Commerce Centre,All reviews ; scones ; tenderloin ; cake ; salad ; burger ; the ritz carlton ; high tea ; window seat ; the afternoon tea set ; ozone bar ; view of hong kong ; night view ; spectacular views ; victoria harbor ; birthday dinner ; nice service ; hk island ; ,https://www.tripadvisor.com/Restaurant_Review-g294217-d2166297-Reviews-The_Lounge_Bar-Hong_Kong.html,http://www.ritzncarlton.com/en/hotels0/china/hong-kong/dining/the-lounge-bar?utm_source=tripadvisori&utm_medium=referral
"G/F, 2 Austin Avenue, Tsim Sha Tsui, Kowloon, Hong Kong, China",,China,"French, Bar, European, Wine Bar",,https://www.tripadvisor.com/Restaurant_Review-g294217-d8353573-Reviews-Scarlett_Cafe_Wine_Bar-Hong_Kong.html,,,https://www.randblab.com/assets/menu/SCARLETT%2520HK/Scarlett-HK-2019-9-16.pdf,Scarlett Cafe & Wine Bar,"Mon - Fri
3:00 PM - 1:00 AM
Sat - Sun
11:00 AM - 1:00 AM",+852 3565 6513,,$$ - $$$,,4.5,,1101.0,,"G/F, 2 Austin Avenue, Tsim Sha Tsui, Kowloon",All reviews ; crab ravioli ; cote de boeuf ; chateaubriand ; lamb shank ; prime rib ; caesar salad ; cold cuts ; mashed potatoes ; bread ; baby chicken ; ladies night ; birthday dinner ; nice wine ; french bistro ; delicious food ; great dinner ; nice restaurant ; ,https://www.tripadvisor.com/Restaurant_Review-g294217-d8353573-Reviews-Scarlett_Cafe_Wine_Bar-Hong_Kong.html,http://www.randblab.com/scarlett.html?utm_source=tripadvisori&utm_medium=referral#g2
"31/F & Rooftop The Hennessy, 256 Hennessy Road, Wan Chai, Hong Kong, China",,China,Steakhouse,"Reservations, Outdoor Seating, Seating, Serves Alcohol, Full Bar, Free Wifi, Accepts Credit Cards, Table Service",https://www.tripadvisor.com/Restaurant_Review-g294217-d1892540-Reviews-Wooloomooloo_Steakhouse_Wan_Chai-Hong_Kong.html,,,,Wooloomooloo Steakhouse (Wan Chai),"Sun - Sat
11:45 AM - 11:30 PM",+852 2893 6960,,$$$$,,4.0,,1098.0,,"31/F & Rooftop The Hennessy, 256 Hennessy Road, Wan Chai",All reviews ; steak ; baked potato ; lobster bisque ; salad ; bread ; rooftop bar ; wan chai ; spectacular views ; top floor ; cooked to perfection ; side dishes ; with some friends ; light show ; wine selection ; special occasion ; victoria harbour ; woolloomooloo ; ,https://www.tripadvisor.com/Restaurant_Review-g294217-d1892540-Reviews-Wooloomooloo_Steakhouse_Wan_Chai-Hong_Kong.html,http://wooloo-mooloo.com/hk/wan-chai.aspxr?utm_source=tripadvisori&utm_medium=referral
"18 Salisbury Road | InterContinental Hong Kong, Hong Kong, China",,China,"Japanese, Seafood, Sushi, Healthy","Seating, Valet Parking, Serves Alcohol, Full Bar, Accepts American Express, Accepts Mastercard, Accepts Visa, Cash Only, Reservations, Private Dining, Parking Available, Validated Parking, Highchairs Available, Wheelchair Accessible, Wine and Beer, Free Wifi, Accepts Credit Cards, Table Service",https://www.tripadvisor.com/Restaurant_Review-g294217-d1024986-Reviews-NOBU_InterContinental_Hong_Kong-Hong_Kong.html,,,https://hongkong-ic.intercontinental.com/en/dining/nobu/,NOBU (InterContinental Hong Kong),"Sun - Sat
12:00 PM - 2:30 PM
6:00 PM - 11:00 PM
Sat - Sun
2:30 PM - 5:00 PM",+852 2313 2323,,$$$$,£79 - £276,4.5,,1055.0,,18 Salisbury Road InterContinental Hong Kong,All reviews ; cod ; sushi ; yellowtail ; omakase menu ; green tea ice cream ; wagyu beef ; tacos ; sea bass ; miso soup ; foie gras ; cake ; shrimp ; intercontinental hotel ; new style ; japanese cuisine ; light show ; harbour view ; ,https://www.tripadvisor.com/Restaurant_Review-g294217-d1024986-Reviews-NOBU_InterContinental_Hong_Kong-Hong_Kong.html,http://www.hongkong-ic.intercontinental.com/dining/nobu.php?utm_source=tripadvisori&utm_medium=referral
"The Peninsula Hotel, Salisbury Road, | Tsim Sha Tsui, Hong Kong, China",,China,"European, Contemporary",,https://www.tripadvisor.com/Restaurant_Review-g294217-d940224-Reviews-Felix-Hong_Kong.html,22.295282,114.17173799999999,https://www.peninsula.com/en/hong-kong/hotel-fine-dining/felix,Felix,"Sun
11:30 AM - 3:30 PM
Mon - Sat
5:30 PM - 1:00 AM",+852 2696 6778,,$$$$,£24 - £118,4.0,,1054.0,,"The Peninsula Hotel, Salisbury Road, Tsim Sha Tsui",All reviews ; duck liver ; oysters ; bread ; steak ; peninsula hotel ; light show ; top floor ; laser show ; hong kong island ; victoria harbour ; magnificent view ; table by the window ; special occasion ; fine dining ; lift ; penninsula ; kowloon ; ,https://www.tripadvisor.com/Restaurant_Review-g294217-d940224-Reviews-Felix-Hong_Kong.html,http://www.peninsula.com/felixr?utm_source=tripadvisori&utm_medium=referral
"G/F, No.1-5 Elgin Street, SoHo, Hong Kong, China",,China,"Taiwanese, Chinese, Asian","Takeout, Reservations, Seating, Serves Alcohol, Full Bar, Wine and Beer, Accepts Mastercard, Accepts Visa, Cash Only, Free Wifi, Accepts Credit Cards, Table Service",https://www.tripadvisor.com/Restaurant_Review-g294217-d6758068-Reviews-Ho_Lee_Fook-Hong_Kong.html,22.283001000000002,114.152657,,Ho Lee Fook,"Sun - Thu
6:00 PM - 11:00 PM
Fri - Sat
6:00 PM - 12:00 AM",+852 2810 0860,,$$ - $$$,£40 - £60,4.5,,1033.0,,"G/F, No.1-5 Elgin Street, SoHo",All reviews ; prawn toast ; short ribs ; dumplings ; char siu ; wagyu ; brussel sprouts ; pork ; calamari ; roast goose ; chilli ; cheung fun ; salad ; asian fusion ; amazing food ; modern twist ; worth the wait ; wait for a table ; ,https://www.tripadvisor.com/Restaurant_Review-g294217-d6758068-Reviews-Ho_Lee_Fook-Hong_Kong.html,http://www.holeefook.com.hk/?utm_source=tripadvisori&utm_medium=referral
"15 Queen's Road | Landmark Atrium - Level 5 & 6, Hong Kong, China",,China,"Japanese, Sushi, Asian","Outdoor Seating, Seating, Parking Available, Valet Parking, Highchairs Available, Wheelchair Accessible, Serves Alcohol, Full Bar, Accepts American Express, Accepts Mastercard, Accepts Visa, Free Wifi, Reservations, Private Dining, Wine and Beer, Accepts Credit Cards, Table Service",https://www.tripadvisor.com/Restaurant_Review-g294217-d841139-Reviews-Zuma-Hong_Kong.html,22.280495000000002,114.157959,,Zuma,"Mon - Thu
12:00 PM - 12:00 AM
Fri
12:00 PM - 1:00 AM
Sat - Sun
11:00 AM - 12:00 AM",+852 3657 6388,,$$$$,£91 - £140,4.0,,1031.0,,15 Queen's Road Landmark Atrium - Level 5 & 6,All reviews ; brunch ; sushi ; cod ; dessert platter ; tasting menu ; tempura ; ice cream ; beef ; oysters ; salad ; free flow champagne ; japanese buffet ; main course ; outdoor terrace ; open kitchen ; business lunch ; sake ; ,https://www.tripadvisor.com/Restaurant_Review-g294217-d841139-Reviews-Zuma-Hong_Kong.html,http://znumarestaurant.com/locations/hong-kong/?utm_source=tripadvisori&utm_medium=referral
"No.15 Queen's Road Central | 7/F, The Landmark Mandarin Oriental, Hong Kong, China",,China,Contemporary,"Reservations, Private Dining, Seating, Valet Parking, Wheelchair Accessible, Serves Alcohol, Full Bar, Accepts American Express, Accepts Mastercard, Accepts Visa, Free Wifi, Accepts Credit Cards, Wine and Beer, Digital Payments",https://www.tripadvisor.com/Restaurant_Review-g294217-d939504-Reviews-Amber-Hong_Kong.html,,,https://www.mandarinoriental.com/hong-kong/the-landmark/fine-dining/restaurants/contemporary-cuisine/amber/menu,Amber,"Sun - Sat
12:00 PM - 2:00 PM
6:00 PM - 9:00 PM",+852 2132-0066,,$$$$,,4.5,,1025.0,,"No.15 Queen's Road Central 7/F, The Landmark Mandarin Oriental",All reviews ; degustation menu ; amuse bouche ; caviar ; wagyu beef ; cuttlefish ; sorbet ; lobster ; wine pairing ; richard ekkebus ; the landmark mandarin oriental ; fine dining ; service was impeccable ; star michelin restaurant ; special occasion ; restaurant in hong kong ; dining experience ; set menu ; ,https://www.tripadvisor.com/Restaurant_Review-g294217-d939504-Reviews-Amber-Hong_Kong.html,https://Hwww.mandarinoriental.com/hong-kong/the-landmark/fine-dining/restaurants/contemporary-cuisine/amber?htl=LMHKAG0&kw=LMHKAG|_amber&eng=yexrt&src=local&utm_source=tripadvisori&utm_medium=referral
"3/F, Grand Progress Building, No.15-16 Lan Kwai Fong, Central, Hong Kong, China",,China,"Steakhouse, Brazilian, Barbecue, South American",,https://www.tripadvisor.com/Restaurant_Review-g294217-d7808139-Reviews-Braza_Churrascaria_Brazilian_Steakhouse-Hong_Kong.html,,,,Braza Churrascaria Brazilian Steakhouse,"Sun - Thu
6:00 PM - 10:30 PM
Sun - Sat
12:00 PM - 3:00 PM
Fri - Sat
6:00 PM - 11:00 PM",+852 2890 9268,,$$ - $$$,,4.5,,1023.0,,"3/F, Grand Progress Building, No.15-16 Lan Kwai Fong, Central",All reviews ; brunch ; picanha ; lamb ; salad ; fried banana ; chorizo sausage ; unlimited meat ; cold cuts ; skewers ; ribeye ; wings ; tuna ; bread ; all you can eat ; meat lovers ; free flow ; great meat ; ,https://www.tripadvisor.com/Restaurant_Review-g294217-d7808139-Reviews-Braza_Churrascaria_Brazilian_Steakhouse-Hong_Kong.html,http://www.diningconcepts.com/restaurants/Brazna?utm_source=tripadvisori&utm_medium=referral
"G/F, 34-38 Stanley Street, Hong Kong, China",,China,"Chinese, Asian","Takeout, Seating, Table Service",https://www.tripadvisor.com/Restaurant_Review-g294217-d3749223-Reviews-Yat_Lok_Restaurant-Hong_Kong.html,,,,Yat Lok Restaurant,"Sun
10:00 AM - 5:30 PM
Mon - Sat
10:00 AM - 9:00 PM",+852 2524 3882,,$$ - $$$,,4.0,,997.0,,"G/F, 34-38 Stanley Street",All reviews ; roast goose ; char siew ; rice ; bbq pork ; roasted meats ; duck ; soup ; crispy skin ; stanley street ; delicious roast ; michelin star ; hole in the wall ; michelin guide ; tender meat ; lunch hour ; english menu ; oyster sauce ; ,https://www.tripadvisor.com/Restaurant_Review-g294217-d3749223-Reviews-Yat_Lok_Restaurant-Hong_Kong.html,
"No.226 Hennessy Road, Wan Chai | G/F, Po Wah Commercial Centre, Hong Kong, China",,China,Chinese,"Takeout, Seating, Table Service",https://www.tripadvisor.com/Restaurant_Review-g294217-d6894266-Reviews-Kam_s_Roast_Goose-Hong_Kong.html,22.277782000000002,114.17523999999999,,Kam's Roast Goose,"Sun - Sat
11:30 AM - 9:30 PM",+852 5408 7740,,$$ - $$$,,4.0,,994.0,,"No.226 Hennessy Road, Wan Chai G/F, Po Wah Commercial Centre",All reviews ; roast goose ; char siew ; bbq pork ; rice ; century egg ; duck ; chinese sausage ; roasted meats ; soup ; yung kee ; michelin star ; worth the wait ; long queue ; crispy skin ; queue number ; small restaurant ; during peak hours ; ,https://www.tripadvisor.com/Restaurant_Review-g294217-d6894266-Reviews-Kam_s_Roast_Goose-Hong_Kong.html,http://www.krg.com.hk/!0en?utm_source=tripadvisori&utm_medium=referral
"8 Finance Street, Central | Podium 4, Four Seasons Hotel Hong Kong,, Hong Kong, China",,China,"Chinese, Asian","Highchairs Available, Reservations, Private Dining, Seating, Parking Available, Validated Parking, Valet Parking, Wheelchair Accessible, Serves Alcohol, Full Bar, Wine and Beer, Accepts American Express, Accepts Mastercard, Accepts Visa, Free Wifi, Accepts Credit Cards, Table Service",https://www.tripadvisor.com/Restaurant_Review-g294217-d1062729-Reviews-Lung_King_Heen-Hong_Kong.html,22.286509,114.157104,https://www.fourseasons.com/hongkong/dining/restaurants/lung_king_heen/main/,Lung King Heen,"Sun - Sat
12:00 PM - 2:30 PM
6:30 PM - 10:00 PM",+852 3196 8888,,$$$$,£45 - £151,4.5,,972.0,,"8 Finance Street, Central Podium 4, Four Seasons Hotel Hong Kong,",All reviews ; abalone ; dim sum ; tasting menu ; steamed lobster ; suckling pig ; petit fours ; garoupa ; wagyu beef ; tarts ; soup ; spring rolls ; truffle ; mango ; fries ; four seasons ; three michelin stars ; executive lunch ; ,https://www.tripadvisor.com/Restaurant_Review-g294217-d1062729-Reviews-Lung_King_Heen-Hong_Kong.html,http://www.fourseasons.com/hongkong/dining/restaurants/lung_king_heen/?utm_source=tripadvisori&utm_medium=referral
"G/F 160-164 Wellington Street, Central, Hong Kong, China",,China,"Chinese, Asian","Takeout, Seating, Table Service",https://www.tripadvisor.com/Restaurant_Review-g294217-d1527741-Reviews-Lin_Heung_Tea_House-Hong_Kong.html,22.284433,114.153503,,Lin Heung Tea House,"Sun - Sat
6:00 AM - 11:00 PM",+852 2544 4556,,$$ - $$$,£8 - £12,4.0,,939.0,,"G/F 160-164 Wellington Street, Central",All reviews ; traditional dim sum ; siu mai ; sponge cake ; shrimp dumplings ; pork ; cheung fun ; dim sum cart ; push cart ; reading newspapers ; drinking tea ; yum cha ; dim sum experience ; ladies pushing ; chicken feet ; sharing tables ; popular dishes ; local experience ; ,https://www.tripadvisor.com/Restaurant_Review-g294217-d1527741-Reviews-Lin_Heung_Tea_House-Hong_Kong.html,http://www.hongkongnavi.com/food/15?utm_source=tripadvisori&utm_medium=referral
"88 Jervois Street, Sheung wan, Hong Kong, China",,China,"Chinese, Asian",,https://www.tripadvisor.com/Restaurant_Review-g294217-d2534180-Reviews-Dim_Sum_Square-Hong_Kong.html,,,,Dim Sum Square,"Sun
8:00 AM - 10:00 PM
Mon - Sat
10:00 AM - 10:00 PM",+852 2851 8088,,$,,4.0,,938.0,,"88 Jervois Street, Sheung wan",All reviews ; dim sum ; dumplings ; spring rolls ; shrimp ; turnip cake ; pork ; siew mai ; xiaolongbao ; sticky rice ; cheung fun ; xiao long bao ; cakes ; fries ; sheung wan ; chicken feet ; fast service ; order sheet ; ,https://www.tripadvisor.com/Restaurant_Review-g294217-d2534180-Reviews-Dim_Sum_Square-Hong_Kong.html,http://dimsumsq_uare.top-cafes.com/?utm_source=tripadvisori&utm_medium=referral
"77 Wellington St., Central, Hong Kong, China",,China,"Chinese, Asian, Soups","Takeout, Seating, Table Service",https://www.tripadvisor.com/Restaurant_Review-g294217-d919498-Reviews-Mak_s_Noodle_Mak_Un_Kee-Hong_Kong.html,,,,Mak's Noodle (Mak Un Kee),,+852 2854 3810,,$,£2 - £8,4.0,,929.0,,"77 Wellington St., Central",All reviews ; wonton noodles ; beef brisket ; won ton ; prawns ; small bowl ; anthony bourdain ; oyster sauce ; wellington street ; excellent noodles ; noodle place ; serving size ; soup base ; quick lunch ; quick service ; small place ; english menu ; stringy ; ,https://www.tripadvisor.com/Restaurant_Review-g294217-d919498-Reviews-Mak_s_Noodle_Mak_Un_Kee-Hong_Kong.html,
"7 Tin Lok Lane, Causeway Bay, Wan Chai, Hong Kong, China",,China,"Chinese, Asian","Takeout, Seating, Table Service",https://www.tripadvisor.com/Restaurant_Review-g294217-d3171948-Reviews-DimDimSum_Dim_Sum_Specialty_Store_Wan_Chai-Hong_Kong.html,,,,DimDimSum Dim Sum Specialty Store (Wan Chai),"Sun - Sat
10:00 AM - 12:00 AM",+852 2891 7677,,$,£8 - £16,4.0,,919.0,,"7 Tin Lok Lane, Causeway Bay, Wan Chai",All reviews ; dim sum ; stuffed eggplant ; dumplings ; har gow ; radish cake ; pineapple bun ; pork ; cheung fun ; spring rolls ; xiao long bao ; truffle ; seafood ; prawns ; fries ; piggy custard ; english menu ; wan chai ; ,https://www.tripadvisor.com/Restaurant_Review-g294217-d3171948-Reviews-DimDimSum_Dim_Sum_Specialty_Store_Wan_Chai-Hong_Kong.html,http://www.dimdimsum.hk/?utm_source=tripadvisori&utm_medium=referral
"G/F., 21 Gough Street, Mid-Level, Central, Hong Kong, China",,China,"Chinese, Asian, Soups","Takeout, Seating",https://www.tripadvisor.com/Restaurant_Review-g294217-d795044-Reviews-Kau_Kee_Restaurant-Hong_Kong.html,22.284269000000002,114.15248100000001,,Kau Kee Restaurant,"Mon - Sat
12:30 PM - 10:30 PM",+852 2815 0123,,$,,4.0,,911.0,,"G/F., 21 Gough Street, Mid-Level, Central",All reviews ; brisket ; curry ; clear soup ; flat noodles ; turnover ; soups ; gough street ; e fu noodles ; long queue ; worth the wait ; special beef ; share table with others ; super tender ; melt in the mouth ; small bowl ; a late lunch ; at lunchtime ; ,https://www.tripadvisor.com/Restaurant_Review-g294217-d795044-Reviews-Kau_Kee_Restaurant-Hong_Kong.html,
"47 Bute Street, Mongkok, Hong Kong, China",,China,"Chinese, Cafe, Asian","Takeout, Seating, Table Service",https://www.tripadvisor.com/Restaurant_Review-g294217-d799832-Reviews-Kam_Wah_Cafe-Hong_Kong.html,22.322191,114.16973899999999,,Kam Wah Cafe,"Sun - Sat
6:30 AM - 11:00 PM",+852 2392 6830,,$,,4.0,,911.0,,"47 Bute Street, Mongkok",All reviews ; pineapple bun ; french toast ; bao ; instant noodles ; luncheon meat ; pork chop ; macaroni ; tarts ; ham ; fried rice ; milk tea ; polo buns ; bo lo ; bolo bun ; great polo ; cold butter ; english menu ; ,https://www.tripadvisor.com/Restaurant_Review-g294217-d799832-Reviews-Kam_Wah_Cafe-Hong_Kong.html,http://www.misopeckish.com/2014/02/13/pineapple-bun-hong-kong?utm_source=tripadvisori&utm_medium=referral
"Shop A, Hong Kong Pacific Centre, 28 Hankow Road, Tsim Sha Tsu, Hong Kong, China",,China,"Chinese, Asian",,https://www.tripadvisor.com/Restaurant_Review-g294217-d786130-Reviews-The_Sweet_Dynasty_Tsim_Sha_Tsui-Hong_Kong.html,,,,The Sweet Dynasty (Tsim Sha Tsui),,+852 2199 7799,,$$ - $$$,£8 - £12,3.5,,910.0,,"Shop A, Hong Kong Pacific Centre, 28 Hankow Road, Tsim Sha Tsu",All reviews ; mango pudding ; noodles ; ordered dim sum ; congee ; hk ; bean ; ,https://www.tripadvisor.com/Restaurant_Review-g294217-d786130-Reviews-The_Sweet_Dynasty_Tsim_Sha_Tsui-Hong_Kong.html,
"No.118 Peak Road | Shop G02, G/F, The Peak Galleria, Hong Kong, China",,China,,"Reservations, Seating, Highchairs Available, Serves Alcohol, Full Bar, Free Wifi, Accepts Credit Cards, Table Service",https://www.tripadvisor.com/Restaurant_Review-g294217-d7050211-Reviews-Bread_Street_Kitchen-Hong_Kong.html,22.280579,114.15529599999999,,Bread Street Kitchen,"Sun - Sat
8:00 AM - 10:00 PM",+852 2350 3888,,$$ - $$$,£30 - £60,4.0,,901.0,,"No.118 Peak Road Shop G02, G/F, The Peak Galleria",All reviews ; brunch ; beef wellington ; shepherds pie ; sticky toffee pudding ; tamarind chicken ; fish and chips ; burger ; flat bread ; clotted cream ; tuna ; sunday roast ; short ribs ; wings ; salad ; honey glaze ; potatoes ; risotto ; ,https://www.tripadvisor.com/Restaurant_Review-g294217-d7050211-Reviews-Bread_Street_Kitchen-Hong_Kong.html,https://Hwww.gordonramsayrestaurants.com/bread-street-kitchen-and-bar-hong-kong/?utm_source=tripadvisori&utm_medium=referral
"35 Lydhurst Terrace, Central, Hong Kong, China",,China,,Takeout,https://www.tripadvisor.com/Restaurant_Review-g294217-d799899-Reviews-Tai_Cheong_Bakery-Hong_Kong.html,22.282492,114.15380900000001,,Tai Cheong Bakery,"Sun - Sat
7:30 AM - 9:00 PM",+852 2544 3475,,$,£4 - £8,4.0,,900.0,,"35 Lydhurst Terrace, Central",All reviews ; egg tarts ; pie ; cake ; bread ; lyndhurst terrace ; from the oven ; flaky crust ; british governor ; piping hot ; small shop ; long queue ; taste ; eggy ; eggtarts ; hk ; mouth ; branch ; ,https://www.tripadvisor.com/Restaurant_Review-g294217-d799899-Reviews-Tai_Cheong_Bakery-Hong_Kong.html,http://www.taoheung.com.hk/tc/hot_promotions/tai_cheong_bakery/indexr.html?utm_source=tripadvisori&utm_medium=referral
"25/F, Prince's Building, 10 Chater Road, Central, Hong Kong, China",,China,Bar,"Reservations, Outdoor Seating, Seating, Wheelchair Accessible, Serves Alcohol, Full Bar, Accepts Credit Cards, Table Service, Live Music",https://www.tripadvisor.com/Restaurant_Review-g294217-d1052864-Reviews-Sevva-Hong_Kong.html,22.281088,114.15940900000001,https://www.sevva.hk,Sevva,"Mon - Wed
12:00 PM - 12:00 AM
Thu - Fri
12:00 PM - 2:00 AM
Sat
11:00 AM - 2:00 AM",+852 2537 1388,,$$$$,£20 - £78,4.0,,899.0,,"25/F, Prince's Building, 10 Chater Road, Central",All reviews ; dosa ; prince's building ; rooftop bar ; tea set ; reserve a table ; victoria harbour ; high tea ; attentive service ; hk ; hsbc ; skyline ; skyscrapers ; floor ; expats ; signature ; ,https://www.tripadvisor.com/Restaurant_Review-g294217-d1052864-Reviews-Sevva-Hong_Kong.html,http://www.sevva.hk/?utm_source=tripadvisori&utm_medium=referral
"59 Wyndham Street, Central | G/f, Hong Kong, China",,China,"Chinese, Asian",,https://www.tripadvisor.com/Restaurant_Review-g294217-d6739503-Reviews-Ding_Dim_1968-Hong_Kong.html,22.281292,114.15490700000001,http://www.dingdim.com,Ding Dim 1968,"Sun - Thu
11:00 AM - 10:00 PM
Fri - Sat
11:00 AM - 11:00 PM",+852 2326 1968,,$,£5 - £10,4.5,,892.0,,"59 Wyndham Street, Central G/f",All reviews ; dim sum ; dumplings ; siu mai ; spring rolls ; quail egg ; shrimp ; xiao long bao ; truffle ; sticky rice ; xiaolongbao ; cakes ; beef ; fries ; small place ; quick service ; hk ; hong ; ,https://www.tripadvisor.com/Restaurant_Review-g294217-d6739503-Reviews-Ding_Dim_1968-Hong_Kong.html,http://www.dingdim.com/?utm_source=tripadvisori&utm_medium=referral
"Shop 4C-D, Tower 1, PL/F., China Hong Kong City, Hong Kong, China",,China,"Italian, Pizza, Mediterranean, European",,https://www.tripadvisor.com/Restaurant_Review-g294217-d10089430-Reviews-Capo-Hong_Kong.html,,,,Capo,,+852 2523 9009,,$$ - $$$,£15 - £35,4.5,,889.0,,"Shop 4C-D, Tower 1, PL/F., China Hong Kong City",All reviews ; burrata ; pizza ; parma ham ; italian beef ; homemade pasta ; bolognese ; tiramisu ; cold cuts ; salad ; bread ; royal pacific hotel ; imported from italy ; authentic italian restaurant ; friendly atmosphere ; fresh ingredients ; in tsim sha tsui ; small restaurant ; ,https://www.tripadvisor.com/Restaurant_Review-g294217-d10089430-Reviews-Capo-Hong_Kong.html,http://www.combocapo.com/?utm_source=tripadvisori&utm_medium=referral
"Level 2, Hotel ICON, 17 Science Museum Road, Tsim Sha Tsui East | Tsim Sha Tsui East, Kowloon,, Hong Kong, China",,China,"Seafood, International, Street Food","Reservations, Private Dining, Seating, Parking Available, Validated Parking, Valet Parking, Highchairs Available, Wheelchair Accessible, Serves Alcohol, Accepts Credit Cards, Table Service, Buffet, Free Wifi",https://www.tripadvisor.com/Restaurant_Review-g294217-d2514791-Reviews-The_Market-Hong_Kong.html,,,,The Market,"Sun - Sat
6:30 AM - 10:30 AM
6:30 PM - 10:00 PM
Mon - Fri
12:00 PM - 2:30 PM
Sat - Sun
11:45 AM - 2:30 PM",+852 3400 1388,,$$ - $$$,,4.5,,879.0,,"Level 2, Hotel ICON, 17 Science Museum Road, Tsim Sha Tsui East Tsim Sha Tsui East, Kowloon,",All reviews ; seafood ; crab legs ; durian dessert ; lamb chops ; cakes ; foie gras ; curries ; salad ; ice cream ; dim sum ; clams ; bread ; fries ; hotel icon ; dinner buffet ; amazing buffet ; all you can eat ; ,https://www.tripadvisor.com/Restaurant_Review-g294217-d2514791-Reviews-The_Market-Hong_Kong.html,http://www.hotel-icon.com/dining/the-market?utm_source=tripadvisori&utm_medium=business-advantage&utm_campaign=listing
"G/F-1/F, 17-19 Pak Hoi St., Yau Ma Te, Hong Kong, China",,China,"Fast Food, Asian, Chinese",,https://www.tripadvisor.com/Restaurant_Review-g294217-d1755975-Reviews-Tsui_Wah_Restaurant_Pak_Hoi_Street_Shop-Hong_Kong.html,,,,Tsui Wah Restaurant (Pak Hoi Street Shop),,+852 2780 8328,,$$ - $$$,,3.5,,876.0,,"G/F-1/F, 17-19 Pak Hoi St., Yau Ma Te",All reviews ; noodles ; chicken pie ; ham ; bread ; milk tea ; nathan hotel ; chain restaurant ; crispy bun ; fast service ; decent food ; quick meal ; nathan road ; chinese food ; hk ; msg ; yummy ; lemon ; ,https://www.tripadvisor.com/Restaurant_Review-g294217-d1755975-Reviews-Tsui_Wah_Restaurant_Pak_Hoi_Street_Shop-Hong_Kong.html,http://www.tsuiwahrestaurant.com/?utm_source=tripadvisori&utm_medium=referral
"6F, Four Seasons Hotel, Central | Four Seasons Hotel Hong Kong, Hong Kong, China",,China,"French, European","Reservations, Private Dining, Seating, Parking Available, Validated Parking, Valet Parking, Wheelchair Accessible, Serves Alcohol, Full Bar, Accepts American Express, Accepts Mastercard, Accepts Visa, Free Wifi, Accepts Credit Cards, Table Service",https://www.tripadvisor.com/Restaurant_Review-g294217-d912108-Reviews-Caprice_Central-Hong_Kong.html,,,https://www.fourseasons.com/hongkong/dining/restaurants/caprice/main/,Caprice (Central),"Sun - Sat
12:00 PM - 2:30 PM
6:30 PM - 10:30 PM",+852 3196 8860,,$$$$,,4.5,,876.0,,"6F, Four Seasons Hotel, Central Four Seasons Hotel Hong Kong",All reviews ; cheese board ; french cheese ; petit fours ; amuse bouche ; foie gras ; turbot ; bread ; tasting menu ; lobster ; sorbet ; lamb ; ice cream ; soup ; four seasons hotel ; cheese cellar ; french cuisine ; new chef ; ,https://www.tripadvisor.com/Restaurant_Review-g294217-d912108-Reviews-Caprice_Central-Hong_Kong.html,http://www.fourseasons.com/hongkong/dining/restaurants/caprice/?utm_source=tripadvisori&utm_medium=referral
"Shop 3328, Level 3, Gateway Arcade, Harbour City, 3-27 Canton Road, Tsim Sha Tsui, Kowloon, Hong Kong, China",,China,"Chinese, Asian",,https://www.tripadvisor.com/Restaurant_Review-g294217-d816324-Reviews-Crystal_Jade_La_Mian_Xiao_Long_Bao_Gateway_Arcade-Hong_Kong.html,22.296654,114.168213,,Crystal Jade La Mian Xiao Long Bao (Gateway Arcade),"Sun - Sat
10:00 AM - 11:00 PM",+852 2622 2699,,$$ - $$$,,4.0,,829.0,,"Shop 3328, Level 3, Gateway Arcade, Harbour City, 3-27 Canton Road, Tsim Sha Tsui, Kowloon",All reviews ; xiao long bao ; la mian ; dumplings ; soup ; drunken chicken ; dim sum ; rice ; beef ; harbour city ; worth the wait ; shanghai food ; ocean terminal ; fast service ; quick bite ; chinese tea ; wait for a table ; quality food ; ,https://www.tripadvisor.com/Restaurant_Review-g294217-d816324-Reviews-Crystal_Jade_La_Mian_Xiao_Long_Bao_Gateway_Arcade-Hong_Kong.html,http://www.crystaljade.com.hk/?utm_source=tripadvisori&utm_medium=referral
"4th Floor, The Sheraton Hotel & Towers, No.20 Nathan Road, Tsim Sha Tsui | 20 Nathan Road, Kowloon, Hong Kong, China",,China,"American, Steakhouse","Reservations, Private Dining, Seating, Highchairs Available, Wheelchair Accessible, Serves Alcohol, Full Bar, Free Wifi, Accepts Credit Cards, Table Service",https://www.tripadvisor.com/Restaurant_Review-g294217-d844402-Reviews-Morton_s_The_Steakhouse-Hong_Kong.html,22.294626,114.17291999999999,,Morton's - The Steakhouse,"Sun
5:00 PM - 10:00 PM
Mon - Sat
5:00 PM - 11:00 PM",+852 2732 2343,,$$$$,£79 - £158,4.5,,826.0,,"4th Floor, The Sheraton Hotel & Towers, No.20 Nathan Road, Tsim Sha Tsui 20 Nathan Road, Kowloon",All reviews ; steak ; onion bread ; crab cakes ; creamed spinach ; prime rib ; lobster tail ; seafood platter ; chicken ; sheraton hotel ; side dishes ; cooked to perfection ; mouth watering ; victoria harbour ; food quality ; hk ; medium ; oz ; ,https://www.tripadvisor.com/Restaurant_Review-g294217-d844402-Reviews-Morton_s_The_Steakhouse-Hong_Kong.html,http://www.mortons.com/hongkong/?utm_source=tripadvisori&utm_medium=referral
"Level 28, Hotel ICON, 17 Science Museum Road, Tsim Sha Tsui East, Hong Kong, China",,China,"Chinese, Asian","Reservations, Private Dining, Seating, Parking Available, Validated Parking, Valet Parking, Highchairs Available, Wheelchair Accessible, Serves Alcohol, Full Bar, Free Wifi, Accepts Credit Cards, Table Service",https://www.tripadvisor.com/Restaurant_Review-g294217-d2390123-Reviews-Above_and_Beyond-Hong_Kong.html,,,https://www.hotel-icon.com/public/dine/files/above-and-beyond-a-la-carte-menu-20170830_1.pdf,Above and Beyond,"Sun - Sat
11:00 AM - 2:30 PM
6:00 PM - 10:30 PM",+852 3400 1318,,$$$$,,4.5,,816.0,,"Level 28, Hotel ICON, 17 Science Museum Road, Tsim Sha Tsui East",All reviews ; peking duck ; dim sum ; crispy chicken ; hot and sour soup ; tasting menu ; abalone ; prawns ; pancakes ; hotel icon ; top floor ; chinese food ; window table ; hk harbour ; set menu ; assistant manager ; night view ; food and wine ; ,https://www.tripadvisor.com/Restaurant_Review-g294217-d2390123-Reviews-Above_and_Beyond-Hong_Kong.html,http://www.hotel-icon.com/dining/above-beyond?utm_source=tripadvisori&utm_medium=business-advantage&utm_campaign=listing
"15 Queen's Road Central, Hong Kong, China",,China,"French, European","Reservations, Private Dining, Seating, Wheelchair Accessible, Serves Alcohol, Full Bar, Accepts Credit Cards, Table Service",https://www.tripadvisor.com/Restaurant_Review-g294217-d809453-Reviews-L_Atelier_de_Joel_Robuchon-Hong_Kong.html,,,,L'Atelier de Joel Robuchon,,+852 2166 9000,,$$$$,,4.5,,805.0,,15 Queen's Road Central,All reviews ; bread basket ; foie gras ; amuse bouche ; degustation menu ; mashed potatoes ; lobster ; king crab ; wagyu beef ; soup ; souffle ; langoustines ; mango ; cakes ; discovery menu ; bar seating ; open kitchen ; french restaurant in hong kong ; ,https://www.tripadvisor.com/Restaurant_Review-g294217-d809453-Reviews-L_Atelier_de_Joel_Robuchon-Hong_Kong.html,http://www.robuchon.hk/?utm_source=tripadvisori&utm_medium=referral
"30/F, No. 239 Hennessy Road | Wan Chai, Hong Kong Wan Chai, China",,China,"Italian, European","Reservations, Seating, Wheelchair Accessible, Serves Alcohol, Full Bar, Free Wifi, Accepts Credit Cards, Table Service",https://www.tripadvisor.com/Restaurant_Review-g294217-d7289468-Reviews-Pirata-Hong_Kong.html,22.278019,114.176353,,Pirata,"Sun - Thu
6:30 PM - 10:30 PM
Sun - Sat
12:00 PM - 2:30 PM
Fri - Sat
6:30 PM - 11:00 PM",+852 5485 5329,Wan Chai,$$ - $$$,£15 - £40,4.5,,787.0,,"30/F, No. 239 Hennessy Road Wan Chai",All reviews ; brunch ; meatballs ; butcher's cut ; vitello tonnato ; semifreddo ; flank steak ; cold cuts ; parma ham ; antipasti ; sea bass ; tasting menu ; bread ; truffle ; salad ; suckling pig ; italian food ; restaurant week ; ,https://www.tripadvisor.com/Restaurant_Review-g294217-d7289468-Reviews-Pirata-Hong_Kong.html,http://www.pirata.hk/?utm_source=tripadvisori&utm_medium=referral
"112 Tung Choi Street, Hong Kong 000000, China",,China,"Chinese, Asian","Takeout, Seating, Table Service",https://www.tripadvisor.com/Restaurant_Review-g294217-d3309467-Reviews-DimDimSum_Dim_Sum_Specialty_Store_Mong_Kok-Hong_Kong.html,22.320234,114.170372,,DimDimSum Dim Sum Specialty Store (Mong Kok),"Sun - Sat
11:00 AM - 2:00 AM",+852 2309 2300,000000,$,£8 - £16,4.0,,783.0,,112 Tung Choi Street,All reviews ; dim sum ; custard buns ; shrimp ; siew mai ; chee cheong fun ; siomai ; pineapple ; pork dumplings ; porridge ; chilli ; fries ; seafood ; soup ; english menu ; ladies market ; order form ; order sheet ; ,https://www.tripadvisor.com/Restaurant_Review-g294217-d3309467-Reviews-DimDimSum_Dim_Sum_Specialty_Store_Mong_Kok-Hong_Kong.html,http://www.dimdimsum.hk/?utm_source=tripadvisori&utm_medium=referral
"121 Peak Road, The Peak, Hong Kong, China",,China,"European, International","Reservations, Outdoor Seating, Seating, Highchairs Available, Wheelchair Accessible, Serves Alcohol, Full Bar, Accepts Credit Cards, Table Service, Live Music",https://www.tripadvisor.com/Restaurant_Review-g294217-d788642-Reviews-The_Peak_Lookout-Hong_Kong.html,22.271067000000002,114.14938400000001,https://www.epicurean.com.hk/wp-content/uploads/2019/07/TPL_ALC_Wine_Menu_Jun2019.pdf,The Peak Lookout,"Mon - Fri
11:30 AM - 10:30 PM
Sat - Sun
8:30 AM - 10:30 PM",+852 2849 1000,,$$ - $$$,£4 - £59,3.5,,782.0,,"121 Peak Road, The Peak",All reviews ; tandoori chicken ; naan ; seafood ; steak ; sit outside ; outdoor seating ; hong kong island ; lunch or dinner ; tram ; ,https://www.tripadvisor.com/Restaurant_Review-g294217-d788642-Reviews-The_Peak_Lookout-Hong_Kong.html,http://www.peaklookout.com.hk/?utm_source=tripadvisori&utm_medium=referral
"LG/F LKF Tower, 55 D'Aguilar Street, Lan Kwai Fong | Central, Hong Kong 00000, China",,China,"American, Bar",,https://www.tripadvisor.com/Restaurant_Review-g294217-d1320779-Reviews-Hard_Rock_Cafe_Hong_Kong-Hong_Kong.html,22.280554000000002,114.155281,https://www.hardrockcafe.com/location/hong-kong-lkf/files/5329/HK_ALC.pdf,Hard Rock Cafe Hong Kong,"Sun - Thu
11:00 AM - 2:00 AM
Fri - Sat
11:00 AM - 3:00 AM",+852 2111 3777,00000,$$ - $$$,£10 - £39,4.0,,774.0,,"LG/F LKF Tower, 55 D'Aguilar Street, Lan Kwai Fong Central",All reviews ; burger ; salad ; lan kwai fong ; standard hard rock ; visit hard rock ; american food ; central station ; victoria peak ; hrc ; lkf ; china ; asia ; ,https://www.tripadvisor.com/Restaurant_Review-g294217-d1320779-Reviews-Hard_Rock_Cafe_Hong_Kong-Hong_Kong.html,https://Hwww.hardrock.com/cafes/hong-kong-lkf/?utm_source=tripadvisori&utm_medium=referral
"G5-8, 12-17, Empire Centre, No.68 Mody Road, Tsim Sha Tsui East, Kowloon, Hong Kong, China",,China,"Italian, European","Delivery, Buffet, Seating, Parking Available, Validated Parking, Highchairs Available, Wheelchair Accessible, Serves Alcohol, Full Bar, Accepts American Express, Accepts Mastercard, Accepts Visa, Free Wifi, Reservations, Accepts Credit Cards, Table Service",https://www.tripadvisor.com/Restaurant_Review-g294217-d1100137-Reviews-Spasso_Italian_Bar_Restaurant-Hong_Kong.html,22.298082,114.178444,http://www.divinogroup.com/restaurants/spasso/about-us/,Spasso Italian Bar & Restaurant,"Sun
11:30 AM - 2:00 AM
Mon - Thu
12:00 PM - 2:00 AM
Fri - Sat
12:00 PM - 2:30 AM",+852 2730 8027,,$$ - $$$,£15 - £35,4.0,,763.0,,"G5-8, 12-17, Empire Centre, No.68 Mody Road, Tsim Sha Tsui East, Kowloon",All reviews ; brunch ; pizza ; minestrone soup ; parma ham ; osso bucco ; calamari ; antipasti ; seafood ; steak ; chef marco ; italian food ; italian manager ; harbour view ; victoria harbour ; hk island ; tsim sha tsui ; wine list ; ,https://www.tripadvisor.com/Restaurant_Review-g294217-d1100137-Reviews-Spasso_Italian_Bar_Restaurant-Hong_Kong.html,http://www.spassoristorante-bar.com.hk/?utm_source=tripadvisori&utm_medium=referral
"98 Wellington Street. Central, Hong Kong, China",,China,"Chinese, Asian, Soups",,https://www.tripadvisor.com/Restaurant_Review-g294217-d1094369-Reviews-Tsim_Chai_Kee_Noodle_Wellington_Street-Hong_Kong.html,,,,Tsim Chai Kee Noodle Wellington Street,"Sun - Sat
11:00 AM - 9:30 PM",+852 2850 6471,,$,£4 - £8,4.0,,762.0,,98 Wellington Street. Central,All reviews ; fish balls ; wonton noodles ; fishballs ; beef ; king prawns ; chilli ; soups ; oyster sauce ; al dente ; big bowl ; great noodles ; mid level ; soup base ; limited menu ; michelin star ; fast service ; comfort food ; ,https://www.tripadvisor.com/Restaurant_Review-g294217-d1094369-Reviews-Tsim_Chai_Kee_Noodle_Wellington_Street-Hong_Kong.html,http://tsimchaikee.top-cafes.com/?utm_source=tripadvisori&utm_medium=referral
"15-19 Wellington St, Central, Hong Kong, China",,China,"Chinese, Asian","Delivery, Takeout, Seating, Table Service",https://www.tripadvisor.com/Restaurant_Review-g294217-d798374-Reviews-Tsui_Wah_Restaurant-Hong_Kong.html,22.281681,114.155602,,Tsui Wah Restaurant,"Tue - Sun
12:00 AM - 11:59 PM",+852 2525 6338,,$$ - $$$,,3.5,,760.0,,"15-19 Wellington St, Central",All reviews ; noodles ; fish balls ; soup ; pineapple bun ; brisket ; french toast ; macaroni ; condensed milk ; wellington street ; hong kong style ; restaurant chain ; an extensive menu ; decent food ; fast service ; chinese food ; hk ; branch ; ,https://www.tripadvisor.com/Restaurant_Review-g294217-d798374-Reviews-Tsui_Wah_Restaurant-Hong_Kong.html,http://tsuiwahrestaurant.com/?utm_source=tripadvisori&utm_medium=referral
"77 Wyndham Street, Hong Kong, China",,China,"Indian, Asian","Delivery, Takeout, Reservations, Seating, Highchairs Available, Wheelchair Accessible, Serves Alcohol, Full Bar, Free Wifi, Accepts Credit Cards, Table Service, Buffet",https://www.tripadvisor.com/Restaurant_Review-g294217-d799250-Reviews-Bombay_Dreams-Hong_Kong.html,,,http://www.diningconcepts.com/restaurants/Bombay-Dreams,Bombay Dreams,"Sun - Sat
12:00 PM - 3:00 PM
6:00 PM - 11:00 PM",+852 2971 0001,,$$ - $$$,,4.5,,743.0,,77 Wyndham Street,All reviews ; palak paneer ; rogan josh ; curry ; naan bread ; lamb ; mango ; salad ; best indian ; indian food ; wyndham street ; indian restaurant in hong kong ; many indian restaurants ; lunch buffet is ; visited this restaurant ; hk ; floor ; veg ; ,https://www.tripadvisor.com/Restaurant_Review-g294217-d799250-Reviews-Bombay_Dreams-Hong_Kong.html,http://www.diningconcepts.com/restaurants/Bombay-Ddreams?utm_source=tripadvisori&utm_medium=referral
"Shop 2075, 2/F, IFC, 8 Finance Street, Central District | Shop 2075, Podium 2, ifc mall, Hong Kong, China",,China,"Italian, European","Reservations, Outdoor Seating, Private Dining, Seating, Highchairs Available, Wheelchair Accessible, Serves Alcohol, Full Bar, Free Wifi, Accepts Credit Cards, Table Service",https://www.tripadvisor.com/Restaurant_Review-g294217-d786786-Reviews-Isola_Bar_Grill-Hong_Kong.html,22.285963,114.158478,https://gaiagroup.com.hk/wp-content/uploads/2018/06/ISOLA-A-LA-CARTE-MENU-2018-.pdf,Isola Bar & Grill,"Sun - Sat
11:30 AM - 11:00 PM",+852 2383 8765,,$$$$,£19 - £78,4.0,,739.0,,"Shop 2075, 2/F, IFC, 8 Finance Street, Central District Shop 2075, Podium 2, ifc mall",All reviews ; brunch ; pizza ; antipasti ; salad ; tiramisu ; risotto ; cold cuts ; seafood ; sea bass ; steak ; truffle ; prawns ; ifc mall ; italian food ; dessert buffet ; business lunch ; main course ; ,https://www.tripadvisor.com/Restaurant_Review-g294217-d786786-Reviews-Isola_Bar_Grill-Hong_Kong.html,http://www.gaiagroup.com.hk/?utm_source=tripadvisori&utm_medium=referral
"5 Connaught Road Central | 5 Connaught Road Central, Hong Kong 000000, China",,China,European,"Seating, Serves Alcohol, Full Bar, Accepts American Express, Accepts Mastercard, Accepts Visa, Reservations, Private Dining, Parking Available, Valet Parking, Wheelchair Accessible, Accepts Credit Cards, Table Service",https://www.tripadvisor.com/Restaurant_Review-g294217-d941989-Reviews-Mandarin_Grill_Bar_at_Mandarin_Oriental_Hong_Kong-Hong_Kong.html,,,,"Mandarin Grill + Bar at Mandarin Oriental, Hong Kong","Sun
12:00 PM - 2:30 PM
Sun - Sat
6:30 PM - 10:00 PM
Mon - Fri
7:30 AM - 2:30 PM",+852 2825 4004,000000,$$$$,,4.5,,731.0,,5 Connaught Road Central 5 Connaught Road Central,All reviews ; dover sole ; roast beef ; amuse bouche ; prime rib ; petit fours ; oysters ; souffle ; foie gras ; sea bass ; bread ; salad ; chef simon ; for special occasions ; fine dining ; olive oil ; wonderful dinner ; an institution ; ,https://www.tripadvisor.com/Restaurant_Review-g294217-d941989-Reviews-Mandarin_Grill_Bar_at_Mandarin_Oriental_Hong_Kong-Hong_Kong.html,https://Hwww.mandarinoriental.com/hong-kong/victoria-harbour/fine-dining/restaurants/european-cuisine/mandarin-grill-and-bar?htl=MOHKAG0&kw=MOHKAG|_grill&eng=yexrt&src=local&utm_source=tripadvisori&utm_medium=referral
"Jordan road, Hong Kong, China",,China,,"Takeout, Seating",https://www.tripadvisor.com/Restaurant_Review-g294217-d1196158-Reviews-Hui_Lau_Shan-Hong_Kong.html,22.294531,114.169228,,Hui Lau Shan,,+852 2377 9766,,$$ - $$$,,4.0,,719.0,,Jordan road,All reviews ; mango ; sago ; bird nest ; dessert shop ; dessert place ; tsim tsa tsui ; outlets ; jelly ; hk ; chewy ; desert ; usd ; ,https://www.tripadvisor.com/Restaurant_Review-g294217-d1196158-Reviews-Hui_Lau_Shan-Hong_Kong.html,https://Hwww.hkhls.com/?utm_source=tripadvisori&utm_medium=referral
"405 Lockhart Road, Wan Chai, Hong Kong, China",,China,"Chinese, Seafood, Asian","Takeout, Private Dining, Seating, Serves Alcohol, Accepts Credit Cards, Table Service",https://www.tripadvisor.com/Restaurant_Review-g294217-d1089734-Reviews-Under_the_Bridge_Spicy_Crab-Hong_Kong.html,22.279856,114.180756,,Under the Bridge Spicy Crab,"Sun - Sat
12:00 PM - 6:00 AM",+852 2573 7698,,$$ - $$$,£31 - £49,3.5,,708.0,,"405 Lockhart Road, Wan Chai",All reviews ; spicy crab ; clams ; seafood ; rice ; fries ; roast goose ; typhoon shelter ; typical chinese restaurant ; their signature dish ; causeway bay ; garlic ; hk ; spiciness ; medium ; canto ; napkins ; seasoning ; ,https://www.tripadvisor.com/Restaurant_Review-g294217-d1089734-Reviews-Under_the_Bridge_Spicy_Crab-Hong_Kong.html,http://www.underspicycrab.com/chi/indexr.php?utm_source=tripadvisori&utm_medium=referral
"2nd Floor, Grand Progress Building,15-16 Lan Kwai Fong, Hong Kong, China",,China,"Italian, Steakhouse","Takeout, Reservations, Private Dining, Seating, Highchairs Available, Serves Alcohol, Free Wifi, Accepts Credit Cards, Table Service",https://www.tripadvisor.com/Restaurant_Review-g294217-d2276403-Reviews-Bistecca_Italian_Steak_House-Hong_Kong.html,,,,Bistecca Italian Steak House,"Sun - Sat
12:00 PM - 3:00 PM
6:00 PM - 11:00 PM",+852 2525 1308,,$$ - $$$,,4.5,,697.0,,"2nd Floor, Grand Progress Building,15-16 Lan Kwai Fong",All reviews ; bistecca ; steak ; delmonico ; t bone ; fondue ; antipasti buffet ; pasta ; creamed spinach ; cheesecake ; french fries ; foie gras ; bread ; oysters ; chicago style ; lan kwai fong ; cooked to perfection ; the rib eye ; ,https://www.tripadvisor.com/Restaurant_Review-g294217-d2276403-Reviews-Bistecca_Italian_Steak_House-Hong_Kong.html,http://www.diningconcepts.com/restaurants/Bistecca?utm_source=tripadvisori&utm_medium=referral
"No.24-26 Stanley Street, Central, Hong Kong, China",,China,"Chinese, Asian","Takeout, Reservations, Private Dining, Seating, Serves Alcohol, Accepts Credit Cards, Table Service",https://www.tripadvisor.com/Restaurant_Review-g294217-d1546043-Reviews-Luk_Yu_Tea_House-Hong_Kong.html,22.282282000000002,114.155495,,Luk Yu Tea House,"Sun - Sat
7:00 AM - 9:00 PM",+852 2523 5464,,$$ - $$$,,3.5,,693.0,,"No.24-26 Stanley Street, Central",All reviews ; traditional dim sum ; pork liver ; prawn dumplings ; siu mai ; egg tarts ; yum cha ; an institution ; central district ; hong kong style ; chinese food ; lung ; michelin ; ,https://www.tripadvisor.com/Restaurant_Review-g294217-d1546043-Reviews-Luk_Yu_Tea_House-Hong_Kong.html,http://www.lukyuteahouse.com/?utm_source=tripadvisori&utm_medium=referral
"3/F, Star House, Tsimshatsui, Kowloon, Hong Kong, China",,China,,,https://www.tripadvisor.com/Restaurant_Review-g294217-d2017430-Reviews-Peking_Garden_Tsim_Sha_Tsui-Hong_Kong.html,22.294245,114.16934199999999,,Peking Garden (Tsim Sha Tsui),"Sun - Sat
5:30 PM - 11:00 PM
Mon - Fri
11:30 AM - 3:00 PM
Sat - Sun
11:00 AM - 3:00 PM",+852 2735 8211,,$$ - $$$,£78 - £391,4.0,,691.0,,"3/F, Star House, Tsimshatsui, Kowloon",All reviews ; peking duck ; beggars chicken ; noodles ; pancakes ; soup ; abalone ; dim sum ; beef ; fries ; star house ; noodle making ; the star ferry terminal ; light show ; spring onion ; harbour view ; victoria harbour ; great dinner ; ,https://www.tripadvisor.com/Restaurant_Review-g294217-d2017430-Reviews-Peking_Garden_Tsim_Sha_Tsui-Hong_Kong.html,http://www.pekinggarden.com.hk/?utm_source=tripadvisori&utm_medium=referral
"18 Salisbury Road, Tsim Sha Tsui | InterContinental Hong Kong,, Hong Kong, China",,China,"Chinese, Asian","Seating, Serves Alcohol, Full Bar, Accepts American Express, Accepts Mastercard, Accepts Visa, Cash Only, Reservations, Private Dining, Parking Available, Validated Parking, Valet Parking, Highchairs Available, Wheelchair Accessible, Accepts Credit Cards, Table Service",https://www.tripadvisor.com/Restaurant_Review-g294217-d927163-Reviews-Yan_Toh_Heen_InterContinental_Hong_Kong-Hong_Kong.html,,,https://hongkong-ic.intercontinental.com/en/dining/yan-toh-heen/,Yan Toh Heen (InterContinental Hong Kong),"Sun
11:30 AM - 3:00 PM
Sun - Sat
6:00 PM - 11:00 PM
Mon - Sat
12:00 PM - 2:30 PM",+852 2313 2323,,$$$$,£71 - £236,4.5,,678.0,,"18 Salisbury Road, Tsim Sha Tsui InterContinental Hong Kong,",All reviews ; peking duck ; dim sum ; baked crab ; scallops ; tasting menu ; pancakes ; fried rice ; abalone ; chicken ; seafood ; mango ; fries ; intercontinental hotel ; tea sommelier ; chinese restaurant ; lettuce leaves ; star michelin restaurant ; ,https://www.tripadvisor.com/Restaurant_Review-g294217-d927163-Reviews-Yan_Toh_Heen_InterContinental_Hong_Kong-Hong_Kong.html,http://hongkong-ic.intercontinental.com/en/dining/yan-toh-heen/?utm_source=tripadvisori&utm_medium=referral
"Level 21, The ONE, No.100 Nathan Road, Tsim Sha Tsui, Kowloon, Hong Kong, China",,China,"Steakhouse, European, Australian","Reservations, Outdoor Seating, Private Dining, Seating, Wheelchair Accessible, Serves Alcohol, Full Bar, Free Wifi, Accepts Credit Cards, Table Service",https://www.tripadvisor.com/Restaurant_Review-g294217-d1955748-Reviews-Wooloomooloo_Prime_Tsim_Sha_Tsui-Hong_Kong.html,22.299754999999998,114.17229499999999,,Wooloomooloo Prime (Tsim Sha Tsui),,+852 2870 0087,,$$$$,£55 - £78,4.0,,671.0,,"Level 21, The ONE, No.100 Nathan Road, Tsim Sha Tsui, Kowloon",All reviews ; steak ; lobster bisque ; beef wellington ; foie gras ; bread ; fries ; light show ; incredible views ; side dishes ; the hong kong skyline ; the rib eye ; nathan road ; shopping centre ; victoria harbor ; special occasion ; wine list ; woolloomooloo ; ,https://www.tripadvisor.com/Restaurant_Review-g294217-d1955748-Reviews-Wooloomooloo_Prime_Tsim_Sha_Tsui-Hong_Kong.html,http://www.wooloo-mooloo.com/hk/wooloomooloo-prime-tst.aspxr?utm_source=tripadvisori&utm_medium=referral
"1 Austin Road West,Kowloon | 6/F, W Hong Kong, Hong Kong, China",,China,"European, Asian, International","Buffet, Seating, Parking Available, Valet Parking, Wheelchair Accessible, Serves Alcohol, Wine and Beer, Accepts American Express, Accepts Mastercard, Accepts Visa, Free Wifi, Reservations, Validated Parking, Highchairs Available, Full Bar, Accepts Credit Cards, Table Service",https://www.tripadvisor.com/Restaurant_Review-g294217-d1799916-Reviews-Kitchen_W_Hotel_Hong_Kong-Hong_Kong.html,22.304792000000003,114.160248,,Kitchen (W Hotel Hong Kong),"Sun - Sat
6:00 AM - 11:00 PM",+852 3717 2299,,$$ - $$$,£25 - £80,4.5,,666.0,,"1 Austin Road West,Kowloon 6/F, W Hong Kong",All reviews ; brunch ; oysters ; sushi ; crab legs ; salad ; cold cuts ; foie gras ; cake ; dim sum ; soups ; eggs benedict ; steak ; ice cream ; noodles ; chicken ; free flow champagne ; seafood station ; ,https://www.tripadvisor.com/Restaurant_Review-g294217-d1799916-Reviews-Kitchen_W_Hotel_Hong_Kong-Hong_Kong.html,http://www.w-hongkong.com/?utm_source=tripadvisori&utm_medium=referral
"26-28 Man Wui St, Jordan, Kowloon | Austin Station Exit A, Hong Kong, China",,China,"Chinese, Asian",,https://www.tripadvisor.com/Restaurant_Review-g294217-d2437900-Reviews-DimDimSum_Dim_Sum_Specialty_Store_Jordan-Hong_Kong.html,22.307033999999998,114.165977,,DimDimSum Dim Sum Specialty Store (Jordan),"Sun - Sat
10:00 AM - 1:00 AM",+852 2771 7766,,$,£8 - £16,4.0,,662.0,,"26-28 Man Wui St, Jordan, Kowloon Austin Station Exit A",All reviews ; dim sum ; pineapple bun ; shrimp ; siu mai ; dumplings ; porridge ; seafood ; rice ; pork ; truffle ; piggy custard ; austin station ; english menu ; fast service ; place to eat ; dining experience ; tasty food ; ,https://www.tripadvisor.com/Restaurant_Review-g294217-d2437900-Reviews-DimDimSum_Dim_Sum_Specialty_Store_Jordan-Hong_Kong.html,http://www.dimdimsum.hk/?utm_source=tripadvisori&utm_medium=referral
"2/F, Soundwill Plaza II- Midtown, No.1 Tang Lung Street, Causeway Bay, Hong Kong, China",,China,"Italian, European",,https://www.tripadvisor.com/Restaurant_Review-g294217-d6951944-Reviews-Jamie_s_Italian-Hong_Kong.html,22.278912,114.18189199999999,,Jamie's Italian,"Sun - Sat
12:00 PM - 11:00 PM",+852 3958 2222,,$$ - $$$,,3.5,,660.0,,"2/F, Soundwill Plaza II- Midtown, No.1 Tang Lung Street, Causeway Bay",,https://www.tripadvisor.com/Restaurant_Review-g294217-d6951944-Reviews-Jamie_s_Italian-Hong_Kong.html,http://www.jamieoliver.com/italian/hongkong?utm_source=tripadvisori&utm_medium=referral
"2-3/F, No.46-50 Des Voeux Road West, Sheung Wan, Hong Kong, China",,China,"Chinese, Asian","Takeout, Seating, Table Service",https://www.tripadvisor.com/Restaurant_Review-g294217-d2017661-Reviews-Lin_Heung_Kui-Hong_Kong.html,22.287670000000002,114.147095,,Lin Heung Kui,"Sun - Sat
8:00 AM - 9:30 PM",+852 2156 9328,,$$ - $$$,,4.0,,656.0,,"2-3/F, No.46-50 Des Voeux Road West, Sheung Wan",All reviews ; dim sum ; har gau ; liver ; sticky rice ; intestines ; cake ; authentic place ; hot water ; popular with locals ; english menu ; local friends ; chinese restaurant ; carts ; dimsum ; cantonese ; chit ; hk ; ,https://www.tripadvisor.com/Restaurant_Review-g294217-d2017661-Reviews-Lin_Heung_Kui-Hong_Kong.html,http://www.linheung.com.hk/lin_heung_kui/?utm_source=tripadvisori&utm_medium=referral
"16-20 Chater Road | Shop B1, Basement 1, Alexandra House, Hong Kong, China",,China,Chinese,"Reservations, Private Dining, Seating, Highchairs Available, Wheelchair Accessible, Serves Alcohol, Accepts Credit Cards, Table Service",https://www.tripadvisor.com/Restaurant_Review-g294217-d938999-Reviews-Peking_Garden_Restaurant_Alexandra_House-Hong_Kong.html,,,,Peking Garden Restaurant (Alexandra House),"Sun - Sat
11:30 AM - 3:00 PM
6:00 PM - 11:30 PM",+852 2526 6456,,$$$$,£20 - £78,4.0,,653.0,,"16-20 Chater Road Shop B1, Basement 1, Alexandra House",All reviews ; peking duck ; pancakes ; noodles ; hot and sour soup ; chicken ; scallops ; pastry ; dim sum ; fries ; noodle making ; pacific place ; chinese food ; crispy skin ; business lunch ; dishes ; hk ; dough ; ,https://www.tripadvisor.com/Restaurant_Review-g294217-d938999-Reviews-Peking_Garden_Restaurant_Alexandra_House-Hong_Kong.html,http://www.pekinggarden.com.hk/?utm_source=tripadvisori&utm_medium=referral
"1st Floor, Carfield Building, 77 Wyndham Street,Central, Hong Kong, China",,China,"Steakhouse, Latin, Argentinean","Reservations, Seating, Highchairs Available, Wheelchair Accessible, Serves Alcohol, Full Bar, Free Wifi, Accepts Credit Cards, Table Service",https://www.tripadvisor.com/Restaurant_Review-g294217-d2433070-Reviews-Tango_Argentinian_Steak_House-Hong_Kong.html,22.281666,114.154541,,Tango Argentinian Steak House,"Sun - Thu
6:00 PM - 10:30 PM
Sun - Sat
12:00 PM - 2:30 PM
Fri - Sat
6:00 PM - 11:00 PM",+852 2525 5808,,$$ - $$$,,4.5,,649.0,,"1st Floor, Carfield Building, 77 Wyndham Street,Central",All reviews ; empanadas ; steak ; morcilla ; provoleta ; blood sausage ; chorizo ; t bone ; sweetbreads ; french fries ; salad ; side dishes ; cooked medium rare ; wine list ; nice atmosphere ; friday night ; set lunch ; malbec ; ,https://www.tripadvisor.com/Restaurant_Review-g294217-d2433070-Reviews-Tango_Argentinian_Steak_House-Hong_Kong.html,http://www.diningconcepts.com.hk/?utm_source=tripadvisori&utm_medium=referral
"5 Connaught Road Central | 5 Connaught Road Central, Hong Kong 000000, China",,China,"Chinese, Asian","Reservations, Private Dining, Seating, Parking Available, Validated Parking, Highchairs Available, Wheelchair Accessible, Serves Alcohol, Full Bar, Accepts Credit Cards, Table Service, Valet Parking",https://www.tripadvisor.com/Restaurant_Review-g294217-d1792423-Reviews-Man_Wah-Hong_Kong.html,22.281319,114.160294,,Man Wah,"Sun - Sat
6:30 PM - 10:00 PM
Mon - Fri
12:00 PM - 2:30 PM
Sat - Sun
11:30 AM - 3:00 PM",+852 2825 4003,000000,$$$$,,4.5,,647.0,,5 Connaught Road Central 5 Connaught Road Central,All reviews ; peking duck ; dim sum ; crispy chicken ; petit fours ; abalone ; tasting menu ; pancakes ; pastry ; char siu ; cod fish ; roast goose ; soup ; the mandarin oriental hotel ; manager andy ; cantonese cuisine ; service was impeccable ; victoria harbour ; ,https://www.tripadvisor.com/Restaurant_Review-g294217-d1792423-Reviews-Man_Wah-Hong_Kong.html,http://mandarinoriental.com/?utm_source=tripadvisori&utm_medium=referral
"18 Salisbury Road, Tsim Sha Tsui | InterContinental Hong Kong, Hong Kong, China",,China,"Bar, Healthy, International",,https://www.tripadvisor.com/Restaurant_Review-g294217-d1482758-Reviews-Lobby_Lounge_InterContinental_Hong_Kong-Hong_Kong.html,22.293318,114.174049,https://hongkong-ic.intercontinental.com/en/dining/lobby-lounge/,Lobby Lounge (InterContinental Hong Kong),"Sun - Sat
7:00 AM - 12:30 AM",+852 2313 2323,,$$$$,£39 - £236,4.5,,637.0,,"18 Salisbury Road, Tsim Sha Tsui InterContinental Hong Kong",All reviews ; sandwich ; pastry ; pizza ; light show ; high tea ; victoria harbour ; tea set ; skyline ; symphony ; presentation ; ,https://www.tripadvisor.com/Restaurant_Review-g294217-d1482758-Reviews-Lobby_Lounge_InterContinental_Hong_Kong-Hong_Kong.html,http://www.hongkong-ic.intercontinental.com/dining/lobby_lounge.php?utm_source=tripadvisori&utm_medium=referral
"51 Parkes Street, Yaumatei, Hong Kong, China",,China,"Chinese, Asian",,https://www.tripadvisor.com/Restaurant_Review-g294217-d800834-Reviews-Mak_Man_Kee_Noodle_Shop-Hong_Kong.html,,,,Mak Man Kee Noodle Shop,"Sun - Sat
12:00 PM - 12:30 AM",+852 2736 5561,,$,£4 - £8,4.0,,637.0,,"51 Parkes Street, Yaumatei",All reviews ; wanton noodles ; beef brisket ; shrimp ; soup ; won ton ; kai lan ; small bowl ; jordan mtr station ; noodle place ; english menu ; cooked just right ; stringy ; taste ; hk ; tendon ; texture ; veggies ; ,https://www.tripadvisor.com/Restaurant_Review-g294217-d800834-Reviews-Mak_Man_Kee_Noodle_Shop-Hong_Kong.html,http://www.mmk.hk/?utm_source=tripadvisori&utm_medium=referral
"6/F, Cordis, Hong Kong at Langham Place | 555 Shanghai Street, Mongkok, Kowloon, Hong Kong, China",,China,"Chinese, Asian","Reservations, Private Dining, Seating, Parking Available, Validated Parking, Valet Parking, Highchairs Available, Wheelchair Accessible, Serves Alcohol, Full Bar, Free Wifi, Accepts Credit Cards, Table Service",https://www.tripadvisor.com/Restaurant_Review-g294217-d1094822-Reviews-Ming_Court_Cordis_Hong_Kong-Hong_Kong.html,22.318079,114.16826599999999,http://www.cordishotels.com/sc/hong-kong/restaurants-and-bars/ming-court/,"Ming Court (Cordis, Hong Kong)","Sun
10:30 AM - 3:00 PM
Sun - Sat
6:00 PM - 10:30 PM
Mon - Fri
11:00 AM - 2:30 PM
Sat
11:00 AM - 3:00 PM",+852 3552 3028,,$$$$,,4.0,,625.0,,"6/F, Cordis, Hong Kong at Langham Place 555 Shanghai Street, Mongkok, Kowloon",All reviews ; fried rice ; dim sum ; degustation menu ; wagyu beef ; foie gras ; mango roll ; suckling pig ; sweet and sour pork ; prawns ; abalone ; char siew ; crab ; fries ; seafood ; dry ice ; a michelin star restaurant ; award winning dishes ; ,https://www.tripadvisor.com/Restaurant_Review-g294217-d1094822-Reviews-Ming_Court_Cordis_Hong_Kong-Hong_Kong.html,http://www.cordishotels0.com/sc/hong-kong/restaurants-and-bars/ming-court/?utm_source=tripadvisori&utm_medium=referral
"62 Johnston Road, Wan Chai, Hong Kong, China",,China,"Bar, European, International","Reservations, Outdoor Seating, Private Dining, Seating, Wheelchair Accessible, Serves Alcohol, Full Bar, Free Wifi, Accepts Credit Cards, Table Service, Digital Payments",https://www.tripadvisor.com/Restaurant_Review-g294217-d1098376-Reviews-The_Pawn-Hong_Kong.html,22.276697,114.171799,,The Pawn,"Sun
11:30 AM - 1:00 AM
Mon - Thu
12:00 PM - 1:00 AM
Fri - Sat
12:00 PM - 2:00 AM",+852 2866 3444,,$$ - $$$,£25 - £50,4.0,,618.0,,"62 Johnston Road, Wan Chai",All reviews ; brunch ; fish pie ; short ribs ; salad ; beef ; tom aikens ; johnston road ; free flow ; set lunch ; set menu ; hk ; floor ; ,https://www.tripadvisor.com/Restaurant_Review-g294217-d1098376-Reviews-The_Pawn-Hong_Kong.html,http://thepawn.com.hk/?utm_source=tripadvisori&utm_medium=referral
"18 Salisbury Road | InterContinental HongKong, Hong Kong, China",,China,"Seafood, Healthy, International","Free Wifi, Reservations, Buffet, Seating, Parking Available, Validated Parking, Valet Parking, Highchairs Available, Wheelchair Accessible, Serves Alcohol, Wine and Beer, Accepts Credit Cards, Table Service",https://www.tripadvisor.com/Restaurant_Review-g294217-d793034-Reviews-Harbourside_Restaurant-Hong_Kong.html,22.293344,114.17363700000001,https://hongkong-ic.intercontinental.com/en/dining/harbourside/,Harbourside Restaurant,"Sun - Sat
6:00 AM - 12:00 AM",+852 2313 2323,,$$$$,£16 - £79,4.5,,601.0,,18 Salisbury Road InterContinental HongKong,All reviews ; brunch ; lobster ; sushi ; shellfish ; foie gras ; roast beef ; tempura ; pasta ; bread ; ice cream ; dim sum ; intercontinental hotel ; intercontinental hong kong ; perrier jouet ; egg station ; victoria harbour ; hot dishes ; ,https://www.tripadvisor.com/Restaurant_Review-g294217-d793034-Reviews-Harbourside_Restaurant-Hong_Kong.html,http://www.hongkong-ic.intercontinental.com/dining/harbourside.php?utm_source=tripadvisori&utm_medium=referral
"No.77 Peking Road | Tsim Sha Tsui, Hong Kong, China",,China,"Irish, Bar, European, British, Pub","Takeout, Reservations, Seating, Television, Serves Alcohol, Full Bar, Accepts American Express, Accepts Mastercard, Accepts Visa, Free Wifi, Accepts Credit Cards, Table Service, Live Music",https://www.tripadvisor.com/Restaurant_Review-g294217-d1952785-Reviews-Delaney_s_Kowloon_Irish_Bar-Hong_Kong.html,,,,Delaney's Kowloon Irish Bar,"Sun - Thu
8:00 AM - 1:00 AM
Fri - Sat
8:00 AM - 2:00 AM",+852 2301 3980,,$$ - $$$,£6 - £30,4.0,,576.0,,No.77 Peking Road Tsim Sha Tsui,All reviews ; fish and chips ; shepherds pie ; sunday roast ; mash ; burger ; beef ; irish pub ; great pub ; nathan road ; nathan rd ; taste of home ; ex pats ; mainland china ; on tap ; trip to hong kong ; wan chai ; delaneys ; ,https://www.tripadvisor.com/Restaurant_Review-g294217-d1952785-Reviews-Delaney_s_Kowloon_Irish_Bar-Hong_Kong.html,http://www.delaneys.com.hk/?utm_source=tripadvisori&utm_medium=referral
"No.22 Ship Street, Wan Chai, Hong Kong, China",,China,"European, Spanish, Contemporary","Seating, Serves Alcohol, Full Bar, Free Wifi, Accepts Credit Cards, Table Service",https://www.tripadvisor.com/Restaurant_Review-g294217-d3602180-Reviews-22_Ships-Hong_Kong.html,,,,22 Ships,"Sun
12:00 PM - 2:30 PM
6:00 PM - 10:00 PM
Mon - Sat
12:00 PM - 3:00 PM
6:00 PM - 11:00 PM",+852 2555 0722,,$$ - $$$,£24 - £55,4.5,,572.0,,"No.22 Ship Street, Wan Chai",All reviews ; tapas ; jamon ; bone marrow ; walnut pesto ; paella ; padron peppers ; suckling pig ; ham ; octopus ; sliders ; sea bass ; burger ; pork ; bread ; chilli ; wan chai ; open kitchen ; ,https://www.tripadvisor.com/Restaurant_Review-g294217-d3602180-Reviews-22_Ships-Hong_Kong.html,http://www.22ships.hk/?utm_source=tripadvisori&utm_medium=referral
"5 Connaught Road Central | 5 Connaught Road Central, Hong Kong 000000, China",,China,International,"Reservations, Seating, Serves Alcohol, Accepts American Express, Accepts Mastercard, Accepts Visa, Free Wifi, Valet Parking, Wheelchair Accessible, Accepts Credit Cards, Table Service, Buffet",https://www.tripadvisor.com/Restaurant_Review-g294217-d1027723-Reviews-Clipper_Lounge-Hong_Kong.html,22.281986,114.15940900000001,,Clipper Lounge,"Sun - Sat
6:30 AM - 10:00 PM",+852 2825 4007,000000,$$$$,,4.5,,570.0,,5 Connaught Road Central 5 Connaught Road Central,All reviews ; brunch ; scones ; oysters ; fresh seafood ; hainan chicken rice ; cheesecake ; prime rib ; sashimi ; abalone ; dim sum ; pastry ; ice cream ; crab ; bread ; salad ; rose petal jam ; mandarin oriental ; ,https://www.tripadvisor.com/Restaurant_Review-g294217-d1027723-Reviews-Clipper_Lounge-Hong_Kong.html,https://Hwww.mandarinoriental.com/hong-kong/victoria-harbour/fine-dining/buffets/international-cuisine/clipper-lounge?htl=MOHKAG0&kw=MOHKAG|_clipper&eng=yexrt&src=local&utm_source=tripadvisori&utm_medium=referral
"2-8 Wharf Road, Seaview Building, North Point | Shop B, C, & D, G/F, Hong Kong, China",,China,"Chinese, Asian",,https://www.tripadvisor.com/Restaurant_Review-g294217-d11621345-Reviews-Tim_Ho_Wan-Hong_Kong.html,22.291651,114.195206,,Tim Ho Wan,"Sun - Sat
10:00 AM - 9:30 PM",+852 2979 5608,,$,,4.0,,562.0,,"2-8 Wharf Road, Seaview Building, North Point Shop B, C, & D, G/F",All reviews ; pork buns ; dim sum ; char siu bao ; shrimp ; turnip cake ; sticky rice ; chee cheong fun ; spring rolls ; vermicelli bowl ; cakes ; michelin star ; tick box ; city garden hotel ; wharf road ; chicken feet ; english menu ; lotus leaf ; ,https://www.tripadvisor.com/Restaurant_Review-g294217-d11621345-Reviews-Tim_Ho_Wan-Hong_Kong.html,
"11 Sai Kung Street,, Jordan, Hong Kong, China",,China,"Chinese, Asian",,https://www.tripadvisor.com/Restaurant_Review-g294217-d799819-Reviews-Nathan_Congee_And_Noodle-Hong_Kong.html,22.307032,114.171921,,Nathan Congee And Noodle,"Sun - Sat
7:30 AM - 11:00 PM",+852 2771 4285,,$,£4 - £12,4.0,,553.0,,"11 Sai Kung Street,, Jordan",All reviews ; liver ; porridge ; noodles ; century egg ; pork ; fritters ; preserved egg ; sliced fish ; novotel nathan road ; chinese donut ; english menu ; jordan mtr station ; jordan area ; small eatery ; comfort food ; simple meal ; oyster sauce ; ,https://www.tripadvisor.com/Restaurant_Review-g294217-d799819-Reviews-Nathan_Congee_And_Noodle-Hong_Kong.html,
"Shop G63, G/F, Ocean Terminal, Harbour City, 3-27 Canton Road, Tsim Sha Tsui, Kowloon, Hong Kong, China",,China,"Italian, Pizza, European",,https://www.tripadvisor.com/Restaurant_Review-g294217-d2165749-Reviews-AL_MOLO_RISTORANTE_ITALIANO_Michael_White-Hong_Kong.html,,,,AL MOLO RISTORANTE ITALIANO - Michael White,"Sun - Sat
12:00 PM - 11:00 PM",+852 2730 7900,,$$ - $$$,,4.0,,550.0,,"Shop G63, G/F, Ocean Terminal, Harbour City, 3-27 Canton Road, Tsim Sha Tsui, Kowloon",All reviews ; brunch ; pizza ; salad ; parma ham ; cold cuts ; bread ; sea bass ; cake ; ocean terminal ; italian food ; laser show ; outdoor seating ; great wine ; delicious meal ; hong kong island ; harbour view ; by the glass ; ,https://www.tripadvisor.com/Restaurant_Review-g294217-d2165749-Reviews-AL_MOLO_RISTORANTE_ITALIANO_Michael_White-Hong_Kong.html,http://www.diningconcepts.com/restaurants/Al-Molo?utm_source=tripadvisori&utm_medium=referral
"Ground Floor, 7 - 9 Butt Street, Sheung Wan, Hong Kong, China",,China,"Chinese, Asian","Takeout, Seating, Table Service",https://www.tripadvisor.com/Restaurant_Review-g294217-d2719190-Reviews-Sang_Kee_Congee_Shop-Hong_Kong.html,22.285355,114.15158799999999,,Sang Kee Congee Shop,"Mon - Sat
6:30 AM - 9:00 PM",+852 2541 1099,,$,,4.5,,523.0,,"Ground Floor, 7 - 9 Butt Street, Sheung Wan",All reviews ; fish congee ; porridge ; century egg ; liver ; pork balls ; fried fritters ; fish slices ; meatballs ; doughnuts ; fries ; soy sauce ; piping hot ; large bowl ; spring onion ; cityview hotel ; comfort food ; english menu ; ,https://www.tripadvisor.com/Restaurant_Review-g294217-d2719190-Reviews-Sang_Kee_Congee_Shop-Hong_Kong.html,
"202 Alexandra, 18 House Chater Rd.Central, Hong Kong, China",,China,"Italian, European","Reservations, Private Dining, Seating, Wheelchair Accessible, Serves Alcohol, Full Bar, Accepts Credit Cards, Table Service",https://www.tripadvisor.com/Restaurant_Review-g294217-d2423554-Reviews-8_1_2_Otto_e_Mezzo_Bombana-Hong_Kong.html,,,,8 1/2 Otto e Mezzo Bombana,"Mon - Sat
12:00 PM - 2:30 PM
6:30 PM - 10:30 PM",+852 2537 8859,,$$$$,,4.5,,519.0,,"202 Alexandra, 18 House Chater Rd.Central",All reviews ; truffle ; pasta ; veal chop ; tagliolini ; baby lamb ; bread ; blue lobster ; degustation menu ; petit fours ; caviar ; amuse bouche ; abalone ; short ribs ; octopus ; soup ; potatoes ; star michelin restaurant ; ,https://www.tripadvisor.com/Restaurant_Review-g294217-d2423554-Reviews-8_1_2_Otto_e_Mezzo_Bombana-Hong_Kong.html,http://www.ottoemeznznobombana.com/?utm_source=tripadvisori&utm_medium=referral
"G/F 66 Staunton Street, Central, Hong Kong, China",,China,"Asian, International, Fusion","Takeout, Seating, Serves Alcohol, Full Bar, Accepts Mastercard, Accepts Visa, Cash Only, Free Wifi, Accepts Credit Cards, Table Service",https://www.tripadvisor.com/Restaurant_Review-g294217-d6420711-Reviews-Little_Bao-Hong_Kong.html,,,,Little Bao,"Sun - Sat
6:00 PM - 11:00 PM
Sat - Sun
12:00 PM - 4:00 PM",+852 2194 0202,,$$ - $$$,,4.5,,504.0,,"G/F 66 Staunton Street, Central",All reviews ; truffle fries ; baos ; pork belly ; ice cream ; brussel sprouts ; burger ; dumplings ; hot chicken ; short ribs ; clams ; female chef ; big taste ; bar seating ; great little place ; waiting list ; green tea ; staunton street ; ,https://www.tripadvisor.com/Restaurant_Review-g294217-d6420711-Reviews-Little_Bao-Hong_Kong.html,http://www.little-bao.com/?utm_source=tripadvisori&utm_medium=referral
"No.11 Humphreys Avenue | B/F, Tsim Sha Tsui, Hong Kong 999077, China",,China,"Chinese, Asian","Takeout, Seating, Serves Alcohol, Table Service",https://www.tripadvisor.com/Restaurant_Review-g294217-d4928934-Reviews-Canton_s_Dim_Sum_Expert_Tsim_Sha_Tsui-Hong_Kong.html,22.298189,114.172699,,Canton's Dim Sum Expert - Tsim Sha Tsui,,+852 2332 7122,999077,$,,4.0,,500.0,,"No.11 Humphreys Avenue B/F, Tsim Sha Tsui",All reviews ; dim sum ; dumplings ; truffle mushroom ; shumai ; rice ; spareribs ; radish cake ; shrimp ; siew mai ; spring rolls ; cakes ; soup ; shark fin ; ordered dishes ; tim sum ; fast service ; milk tea ; ,https://www.tripadvisor.com/Restaurant_Review-g294217-d4928934-Reviews-Canton_s_Dim_Sum_Expert_Tsim_Sha_Tsui-Hong_Kong.html,
"1 Austin Road West | International Commerce Centre,, Hong Kong 852, China",,China,"Seafood, Cafe, International","Reservations, Seating, Validated Parking, Valet Parking, Highchairs Available, Wheelchair Accessible, Serves Alcohol, Full Bar, Wine and Beer, Accepts American Express, Accepts Mastercard, Accepts Visa, Free Wifi, Accepts Discover, Accepts Credit Cards, Table Service, Buffet, Parking Available",https://www.tripadvisor.com/Restaurant_Review-g294217-d3600498-Reviews-Cafe_103-Hong_Kong.html,,,,Cafe 103,"Sun - Sat
3:30 PM - 5:30 PM
6:30 PM - 10:00 PM
Mon - Fri
12:00 PM - 2:00 PM
Sat - Sun
12:00 PM - 2:30 PM",+852 2263 2270,852,$$$$,£39 - £788,4.5,,499.0,,"1 Austin Road West International Commerce Centre,",All reviews ; seafood ; cakes ; fresh oysters ; cold cuts ; ice cream ; tiramisu ; salad ; salmon ; high tea ; ritz carlton ; tea set ; dinner buffet ; fabulous buffet ; nice afternoon tea ; birthday dessert ; window seat ; night view ; ,https://www.tripadvisor.com/Restaurant_Review-g294217-d3600498-Reviews-Cafe_103-Hong_Kong.html,http://www.ritzncarlton.com/en/hotels0/china/hong-kong/dining/cafe-103?utm_source=tripadvisori&utm_medium=referral
"5/F, Prince Tower, 12A Peking Road, Tsim Sha Tsui, Kowloon, Hong Kong 999077, China",,China,"Indian, Asian",,https://www.tripadvisor.com/Restaurant_Review-g294217-d799972-Reviews-Gaylord_Indian_Restaurant-Hong_Kong.html,,,,Gaylord Indian Restaurant,"Sun - Sat
12:00 PM - 2:30 PM
6:00 PM - 11:00 PM",+852 2376 1001,999077,$$ - $$$,£12 - £78,4.0,,496.0,,"5/F, Prince Tower, 12A Peking Road, Tsim Sha Tsui, Kowloon",All reviews ; naan ; lamb vindaloo ; butter chicken ; truffle ; mango ; live indian music ; ashley road ; tasty indian food ; great indian ; buffet lunch ; in tsim sha tsui ; hk ; hong ; lift ; floor ; cuisine ; ,https://www.tripadvisor.com/Restaurant_Review-g294217-d799972-Reviews-Gaylord_Indian_Restaurant-Hong_Kong.html,http://www.mayfare.com.hk/gaylord-overview.php?utm_source=tripadvisori&utm_medium=referral
"No.8 Peking Road | Tsim Sha Tsui, Hong Kong, China",,China,"Chinese, Asian","Parking Available, Serves Alcohol, Free Wifi, Reservations, Private Dining, Seating, Validated Parking, Valet Parking, Highchairs Available, Wheelchair Accessible, Full Bar, Accepts Credit Cards, Table Service",https://www.tripadvisor.com/Restaurant_Review-g294217-d1023200-Reviews-T_ang_Court_The_Langham_Hong_Kong-Hong_Kong.html,22.296426999999998,114.170189,,"T'ang Court - The Langham, Hong Kong",,+852 2132 7898,,$$$$,"£94 - £1,251",4.0,,496.0,,No.8 Peking Road Tsim Sha Tsui,All reviews ; tasting menu ; peking duck ; abalone ; baked oysters ; fried rice ; dim sum ; chicken ; cod ; crab ; egg tarts ; prawns ; seafood ; cake ; fries ; tang court ; cantonese food ; star michelin ; ,https://www.tripadvisor.com/Restaurant_Review-g294217-d1023200-Reviews-T_ang_Court_The_Langham_Hong_Kong-Hong_Kong.html,http://www.langhamhotels0.com/en/the-langham/hong-kong/dining/tang-court/?utm_source=tripadvisori&utm_medium=referral
"Shop 307, 3rd Floor, iSQUARE, No.63 Nathan Road, Tsim Sha Tsui, Hong Kong, China",,China,"Italian, Pizza, European",,https://www.tripadvisor.com/Restaurant_Review-g294217-d1880782-Reviews-Carpaccio_Pasta_Pizza_Vino-Hong_Kong.html,,,,Carpaccio Pasta Pizza Vino,"Sun - Sat
11:30 AM - 11:30 PM",+852 2328 5202,,$$ - $$$,£10 - £25,4.5,,491.0,,"Shop 307, 3rd Floor, iSQUARE, No.63 Nathan Road, Tsim Sha Tsui",All reviews ; carpaccio ; pizza ; tiramisu ; carbonara ; salad ; truffle ; ham ; salmon ; steak ; bread ; seafood ; italian food ; italian gem ; shopping mall ; third floor ; friendly atmosphere ; tsim sha tsui ; ,https://www.tripadvisor.com/Restaurant_Review-g294217-d1880782-Reviews-Carpaccio_Pasta_Pizza_Vino-Hong_Kong.html,http://www.carpaccio.com.hk/?utm_source=tripadvisori&utm_medium=referral
"G/F, 14 Shelley Street, Central | 15 Ship Street, Wan Chai, Hong Kong, China",,China,"Italian, Pizza","Free Wifi, Delivery, Takeout, Reservations, Seating, Highchairs Available, Serves Alcohol, Accepts Mastercard, Accepts Visa, Accepts Credit Cards, Table Service",https://www.tripadvisor.com/Restaurant_Review-g294217-d4361851-Reviews-Motorino_SoHo-Hong_Kong.html,22.281677,114.153023,,Motorino SoHo,"Sun - Sat
12:00 PM - 12:00 AM",+852 2801 6881,,$$ - $$$,£10 - £25,4.5,,491.0,,"G/F, 14 Shelley Street, Central 15 Ship Street, Wan Chai",All reviews ; pizza ; prosciutto di parma ; tiramisu ; meatballs ; antipasti ; salad ; brussels sprouts ; cakes ; chilli ; shelley street ; quattro formaggi ; the mid level escalators ; the wan chai branch ; thin crust ; places in hong kong ; fresh ingredients ; nice service ; ,https://www.tripadvisor.com/Restaurant_Review-g294217-d4361851-Reviews-Motorino_SoHo-Hong_Kong.html,http://www.motorinohongkong.com/?utm_source=tripadvisori&utm_medium=referral
"Shop G62, G/F, Ocean Terminal, Harbour City, 3-27 Canton Road, Tsim Sha Tsui, Kowloon, Hong Kong 2730 3508, China",,China,"American, Steakhouse",,https://www.tripadvisor.com/Restaurant_Review-g294217-d1776480-Reviews-BLT_Steak_Ocean_Terminal-Hong_Kong.html,,,,BLT Steak (Ocean Terminal),"Sun - Sat
11:00 AM - 11:00 PM",+852 2730 3508,2730 3508,$$ - $$$,,4.0,,490.0,,"Shop G62, G/F, Ocean Terminal, Harbour City, 3-27 Canton Road, Tsim Sha Tsui, Kowloon",All reviews ; brunch ; blt ; steak ; yorkshire pudding ; bread ; popovers ; salad ; potato gratin ; new york strip ; fries ; crepes ; oysters ; chicken ; ice cream ; australian fillet ; delicious sides ; side orders ; ,https://www.tripadvisor.com/Restaurant_Review-g294217-d1776480-Reviews-BLT_Steak_Ocean_Terminal-Hong_Kong.html,http://www.diningconcepts.com/restaurants/BLT-Steak?utm_source=tripadvisori&utm_medium=referral
"Shop 13, 2/F J Residence; 60 Johnston Road,Wan Chai | (Lift entrance at top of Ship Street), Hong Kong, China",,China,"Chinese, Asian","Reservations, Outdoor Seating, Seating, Wheelchair Accessible, Serves Alcohol, Full Bar, Free Wifi, Accepts Credit Cards, Table Service",https://www.tripadvisor.com/Restaurant_Review-g294217-d793088-Reviews-Bo_Innovation-Hong_Kong.html,22.276276,114.170998,,Bo Innovation,"Mon - Thu
6:30 PM - 10:00 PM
Mon - Fri
12:00 PM - 2:00 PM
Fri - Sat
6:00 PM - 10:00 PM",+852 2850 8371,,$$$$,,4.5,,484.0,,"Shop 13, 2/F J Residence; 60 Johnston Road,Wan Chai (Lift entrance at top of Ship Street)",All reviews ; tasting menu ; foie gras ; gyu ; xiao long bao ; quail egg ; cod ; suckling pig ; beef ; unagi ; abalone ; prawns ; dim sum ; rice ; seafood ; molecular gastronomy ; chinese cuisine ; chef alvin ; ,https://www.tripadvisor.com/Restaurant_Review-g294217-d793088-Reviews-Bo_Innovation-Hong_Kong.html,http://www.boinnovation.com/?utm_source=tripadvisori&utm_medium=referral
"12th Floor, Hysan Place, 500 Hennessy Road, Causeway Bay, Hong Kong, China",,China,"Chinese, Asian","Takeout, Seating, Highchairs Available, Wheelchair Accessible, Serves Alcohol, Accepts Credit Cards, Table Service",https://www.tripadvisor.com/Restaurant_Review-g294217-d1811458-Reviews-Ho_Hung_Kee-Hong_Kong.html,22.280174,114.184647,,Ho Hung Kee,"Sun - Sat
11:30 AM - 11:30 PM",+852 2577 6558,,$$ - $$$,,4.0,,476.0,,"12th Floor, Hysan Place, 500 Hennessy Road, Causeway Bay",All reviews ; wanton noodles ; soup ; porridge ; dim sum ; beef ; prawns ; siew mai ; fries ; chilli ; hysan place ; michelin star ; causeway bay ; airport branch ; al dente ; michelin guide ; street level ; comfort food ; ,https://www.tripadvisor.com/Restaurant_Review-g294217-d1811458-Reviews-Ho_Hung_Kee-Hong_Kong.html,http://www.tasty.com.hk/?utm_source=tripadvisori&utm_medium=referral
"G/F2 Gage Street Central, Hong Kong, China",,China,"Chinese, Asian","Takeout, Seating, Table Service",https://www.tripadvisor.com/Restaurant_Review-g294217-d779820-Reviews-Lan_Fong_Yuen_Central-Hong_Kong.html,,,,Lan Fong Yuen(Central),"Sun - Sat
10:30 AM - 10:30 PM",+852 2544 3895,,$,£4 - £8,3.5,,475.0,,G/F2 Gage Street Central,All reviews ; french toast ; noodles ; chicken ; bao ; milk tea ; authentic hk ; thirst quencher ; hong kong breakfast ; quick breakfast ; spring onion ; small place ; bun ; queue ; yeung ; tang ; takeaway ; foreigners ; ,https://www.tripadvisor.com/Restaurant_Review-g294217-d779820-Reviews-Lan_Fong_Yuen_Central-Hong_Kong.html,
"G/F, 19-21 Mau Lam Street, Yau Ma Tei, Kowloon, Jordan, Hong Kong, China",,China,"Asian, Chinese, International","Takeout, Reservations, Seating, Serves Alcohol, Accepts Credit Cards, Table Service",https://www.tripadvisor.com/Restaurant_Review-g294217-d3927685-Reviews-Tai_Ping_Koon_Restaurant_Mau_Lam_Street-Hong_Kong.html,,,,Tai Ping Koon Restaurant (Mau Lam Street),"Sun - Sat
11:00 AM - 12:00 AM",+852 2384 3385,,$$ - $$$,,4.0,,469.0,,"G/F, 19-21 Mau Lam Street, Yau Ma Tei, Kowloon, Jordan",All reviews ; souffle ; chicken wings ; ox tongue ; roast pigeon ; flat rice noodles ; borscht ; soup ; beef chow fun ; prawns ; steak ; swiss sauce ; western food ; portuguese style ; hong kong style ; sweet soy sauce ; their signature dish ; nathan road ; ,https://www.tripadvisor.com/Restaurant_Review-g294217-d3927685-Reviews-Tai_Ping_Koon_Restaurant_Mau_Lam_Street-Hong_Kong.html,http://taipingkoon.com/?utm_source=tripadvisori&utm_medium=referral
