review,user,rating,id_outlet
"Visited Capo with a business colleague.  Due to shipping issues, none of the Italian beer was available.  The wine was affordably priced; that being said, it was only available by the bottle.  Not that kind of evening.  Started with the Bruschetta.  The toppings were fresh...More",bobwK5197LB,3.0,https://www.tripadvisor.com/Restaurant_Review-g294217-d10089430-Reviews-Capo-Hong_Kong.html
"Food was nice but overpriced. Service could be better but it wasn't terrible. You won't have a bad time here but if you're looking for value for money, maybe skip this place. :)",Brittaperry,3.0,https://www.tripadvisor.com/Restaurant_Review-g294217-d788642-Reviews-The_Peak_Lookout-Hong_Kong.html
"I have luck to have lunch on April 8th with friendly and professional service were provided by Francesco (manager of Tosca) & Ms. Erica, they gave good introduction of food and communicated with client more comfortable!
Regarding to the food served as fine dining by...More",clementc516,5.0,https://www.tripadvisor.com/Restaurant_Review-g294217-d2161545-Reviews-Tosca_di_Angelo-Hong_Kong.html
First the empanadas were a good starter. The rump steak was made the way I like it and asked for. The service was friendly and professional. Nice casual atmosphere.,Celio K,4.0,https://www.tripadvisor.com/Restaurant_Review-g294217-d2433070-Reviews-Tango_Argentinian_Steak_House-Hong_Kong.html
"The food this restaurant serves are fantastic, always fresh, well-cooked and taste soooooo good. It also provides quite a lot choices for us to choose from, food ,wine and desserts:) The staff there they are wonderful, always being soooooo nice to us, warm smiles and...More",tlk2019,5.0,https://www.tripadvisor.com/Restaurant_Review-g294217-d1880782-Reviews-Carpaccio_Pasta_Pizza_Vino-Hong_Kong.html
"Nice service and good environment!!!
Love the amazing food and enjoy the high quality service!!!!!!Highly recommend!!!!!!!!More",ChoyN3,5.0,https://www.tripadvisor.com/Restaurant_Review-g294217-d2399904-Reviews-Tin_Lung_Heen-Hong_Kong.html
"During a recent stay at the hotel, we stopped in for a drink at Ozone before dinner at Tosca.  Not sure what the fuss is all about, I found the decor to be cheezy, the music cheezier and the crowd w/sticks of Velveeta oozing out...More",Joseph-in-NYC,1.0,https://www.tripadvisor.com/Restaurant_Review-g294217-d2198231-Reviews-OZONE-Hong_Kong.html
I've been hearing about this place non-stop from food blogs and friends so I finally had a chance to check it out and the verdict? So so. The decor was beautiful and the service was top notch. The bathroom decor is my second favorite in...More,rkim511,4.0,https://www.tripadvisor.com/Restaurant_Review-g294217-d6579151-Reviews-Mott_32-Hong_Kong.html
"–ü—Ä–∏—è—Ç–Ω—ã–π —Ä–µ—Å—Ç–æ—Ä–∞–Ω —Å –∫—Ä–∞—Å–∏–≤—ã–º –≤–∏–¥–æ–º. –û—Å–≤–µ—â–µ–Ω–∏–µ —Ç–µ–º–Ω–æ–µ, –≤–∏–¥–∏–º–æ, —á—Ç–æ–±—ã –≤–µ—Å—å –≤–∑–≥–ª—è–¥ –±—ã–ª –Ω–∞ –∑–∞–ª–∏–≤. –ò–∑-–∑–∞ —Ä–∞—Å–ø–æ–ª–æ–∂–µ–Ω–∏—è —Ç—Ä–µ—Ö —Ä–µ—Å—Ç–æ—Ä–∞–Ω–æ–≤ –¥–æ—Å—Ç–∞—Ç–æ—á–Ω–æ —à—É–º–Ω–æ....More",Anastasia9992015,5.0,https://www.tripadvisor.com/Restaurant_Review-g294217-d1024986-Reviews-NOBU_InterContinental_Hong_Kong-Hong_Kong.html
"Best brunch on hk. Savage service,  full bellies and hot livers guaranteed. Would come here if I didn't gain 5kgs per visit",Colm O,5.0,https://www.tripadvisor.com/Restaurant_Review-g294217-d7808139-Reviews-Braza_Churrascaria_Brazilian_Steakhouse-Hong_Kong.html
Delicious tapas with a wide variety of flavours. Found it a bit over crowded and staff will tell you where to sit.,S4213YDkevinc,4.0,https://www.tripadvisor.com/Restaurant_Review-g294217-d3602180-Reviews-22_Ships-Hong_Kong.html
"Best steaks in HK, maybe in Asia. If you love steak then this is the place. They take their beef seriously.  You can see what‚Äôs available. Order you exact piece. Chat w the chef. He can tell u about each cut. They always some crazy...More",ken_stearns,5.0,https://www.tripadvisor.com/Restaurant_Review-g294217-d2276403-Reviews-Bistecca_Italian_Steak_House-Hong_Kong.html
Expensive but worth a look.  Dress smart casual.  Can order food.  Arrive early for a seat for the great view,ausdolly2014,5.0,https://www.tripadvisor.com/Restaurant_Review-g294217-d2198231-Reviews-OZONE-Hong_Kong.html
"i was there for lunch on a week day , had a buffet , which had very good selections  and a good spread .$118 per person.More",jackjones71277,5.0,https://www.tripadvisor.com/Restaurant_Review-g294217-d799250-Reviews-Bombay_Dreams-Hong_Kong.html
"Our group booked a private table for an after-work (business) cocktail reception and were blown away by the views from the 118th floor's windows as well as the outdoor lounge area.  The waitress taking care of our group was wonderful, and drink options were plentiful....More",Dan A,4.0,https://www.tripadvisor.com/Restaurant_Review-g294217-d2198231-Reviews-OZONE-Hong_Kong.html
"Just had the best Mid-Autumn Festival dinner with family at Caprice! The food was gorgeous as always, fresh and of fine quality. I was particularly impressed by the professional and thoughtful service there. The staff knows their stuff well and gave us detailed introduction of...More",Megan S,5.0,https://www.tripadvisor.com/Restaurant_Review-g294217-d912108-Reviews-Caprice_Central-Hong_Kong.html
We had a great meal with several colleagues.  The food was very tasty and the naan was awesome!  Great service and great food!,zubux,5.0,https://www.tripadvisor.com/Restaurant_Review-g294217-d799250-Reviews-Bombay_Dreams-Hong_Kong.html
New York ambiance. the food is excellent but seriously overpriced. It is worth to visit though. can be a good spot for a romantic dinner if you wanna go for chinese food,sampetrus24,4.0,https://www.tripadvisor.com/Restaurant_Review-g294217-d6579151-Reviews-Mott_32-Hong_Kong.html
"Tolle Bar auf dem Dach des Princes Buildings, geniale Location f√ºr einen Cocktail mit √ºberw√§ltigender Aussicht auf die Wolkenkratzer, den...More",Reisefuchs61,5.0,https://www.tripadvisor.com/Restaurant_Review-g294217-d1052864-Reviews-Sevva-Hong_Kong.html
"Hence the 4. I really did enjoy the food. Shame about the lackluster service. I know I'm in HongKong/ China but a restaurant this refined should have servers that speak impeccable English with confidence. Everyone seemed nervous and contrived. Other than that, I would definitely...More",ChrisCarter1978,4.0,https://www.tripadvisor.com/Restaurant_Review-g294217-d6579151-Reviews-Mott_32-Hong_Kong.html
First night in HK and we pick One Dim Sum from the huge list of places to eat. There was a queue outside when we arrived but our names were taken and only waited a few minutes. Ordered so much but the best was the...More,NeilPurdy,5.0,https://www.tripadvisor.com/Restaurant_Review-g294217-d2540306-Reviews-One_Dim_Sum_Chinese_Restaurant-Hong_Kong.html
We went here to celebrate a big occasion and were looking forward to it so much after hearing great things. We were really disappointed. The main problem was the service. I know it's is a bug-bare of mine but it really annoys me when front...More,1foodielove,3.0,https://www.tripadvisor.com/Restaurant_Review-g294217-d1792423-Reviews-Man_Wah-Hong_Kong.html
Our group of 6 tried this restaurant out on recommendation by 1 friend. The salad buffet was really excellent with many choices and high quality of greens. The mushroom soup was ok. There were also parma ham and a few selection of cold cuts with...More,cutiedoggy13,4.0,https://www.tripadvisor.com/Restaurant_Review-g294217-d2165749-Reviews-AL_MOLO_RISTORANTE_ITALIANO_Michael_White-Hong_Kong.html
"We‚Äôve eaten at other Nobu restaurants in US, London, Bahamas and this one is not nearly as good.  It was quite disappointing because we‚Äôve always enjoyed our Nobu meals but this one let us down.More",skidogs,3.0,https://www.tripadvisor.com/Restaurant_Review-g294217-d1024986-Reviews-NOBU_InterContinental_Hong_Kong-Hong_Kong.html
Go early - crowds swell later in the mornings. If it's a good day with less than normal pollution you will get a great view.,BJRACT,4.0,https://www.tripadvisor.com/Restaurant_Review-g294217-d788642-Reviews-The_Peak_Lookout-Hong_Kong.html
"This dinner is really good.It‚Äôs the greatest restaurant l have ever eaten in Hon Kong.
Especially the services,Kath and Eric did a really great job! I would visit here for many times!",Dreamer726639,5.0,https://www.tripadvisor.com/Restaurant_Review-g294217-d8353573-Reviews-Scarlett_Cafe_Wine_Bar-Hong_Kong.html
"The InterContinental Lobby's two story glass vista on Victoria Harbor merits a leisurely lunch and time to fully drink it in.  From the extensive wine list to the gracious list of nibbles, this is a consistent crowd-pleasing location.",ChicagoFamily60614,5.0,https://www.tripadvisor.com/Restaurant_Review-g294217-d1482758-Reviews-Lobby_Lounge_InterContinental_Hong_Kong-Hong_Kong.html
"We had the good fortune to stay at the Hotel Icon during our stay in Hong Kong, and we really enjoyed eating at Above and Beyond for breakfast and dinner.  Great food, with absolutely wonderful service.More",Gordo,5.0,https://www.tripadvisor.com/Restaurant_Review-g294217-d2390123-Reviews-Above_and_Beyond-Hong_Kong.html
"Tha dinner is very comfortable and my family really enjoy it....
Excellent service by the team, the manager Stephen, Ryan, Sofia, Joe and Kelvin....they all worked in details, not much disturbing and served you with unnoticeable...
Nothing to say and be sure will be back...More",Danny L,5.0,https://www.tripadvisor.com/Restaurant_Review-g294217-d927163-Reviews-Yan_Toh_Heen_InterContinental_Hong_Kong-Hong_Kong.html
"We decided to book a table for our last night. We shouldn't have bothered. Dirty tables, terrible service and to be honest there were better views back at our hotel (Harbour Grand). Save yourself sons money and go somewhere else!!!!",pondie68,1.0,https://www.tripadvisor.com/Restaurant_Review-g294217-d2198231-Reviews-OZONE-Hong_Kong.html
"If you feel like going carnivorous you must try this place. In picture is a 400 gram ribeye. Tender and Delicious!!

The ambiance and service is great. I'd love to go there again someday.",IndonesianDream,5.0,https://www.tripadvisor.com/Restaurant_Review-g294217-d2433070-Reviews-Tango_Argentinian_Steak_House-Hong_Kong.html
"Had a great dinner with friends. Food was amazing really anything from starters to dessert tasted great. Service was very friendly and attentive. To top it all off they have the best coffee (Segafredo) in HK. 
Defiantly a place to check out when in the...More",Cupcake_8932,5.0,https://www.tripadvisor.com/Restaurant_Review-g294217-d1880782-Reviews-Carpaccio_Pasta_Pizza_Vino-Hong_Kong.html
located on the top of the Ritz Carlton HK. The crowd was mixed with tourists and locals. Drinks were very good and uniquely presented.More,Josephb8585,4.0,https://www.tripadvisor.com/Restaurant_Review-g294217-d2198231-Reviews-OZONE-Hong_Kong.html
"Restaurant is easy to find and close to the train station.  The food was excellent and we loved everything we tried.  Even our baby loved the food!   Service was fantastic, host was very gracious, and they were quick to assist.  Will definitely go there on...More",daddywarbucks1,5.0,https://www.tripadvisor.com/Restaurant_Review-g294217-d2706744-Reviews-Din_Tai_Fung_Yee_Wo_Branch-Hong_Kong.html
"Taste is similar to branches in Singapore. Soup dumplings, aka Â∞èÁ¨ºÂåÖ, actually taste better in Singapore, and we were quite disappointed that ËüπÈªÑÂ∞èÁ¨ºÂåÖ was not served that day. To be fair, ÁâõËÇâÈù¢ tasted better in Hong Kong though.",zzhuizi92,4.0,https://www.tripadvisor.com/Restaurant_Review-g294217-d2706744-Reviews-Din_Tai_Fung_Yee_Wo_Branch-Hong_Kong.html
"Great place to celebrate an important birthday. Excellent food. Great atmosphere,  friendly staff . Best signature dish : apple wood pecking duck. 
Just one remark, I have been asked during my reservation if this was a special occasion, and I have highlighted that was a...More",Taglio87,4.0,https://www.tripadvisor.com/Restaurant_Review-g294217-d6579151-Reviews-Mott_32-Hong_Kong.html
"Went as a group of 8 and had an excellent Sunday Lunch buffet. The food is excellent, fresh shellfish, roast meats, lovely salad bar. 
Probably best value meal we had in HK in our 5 days there. Especially when you have the unlimited beer or...More",mikemoulds,5.0,https://www.tripadvisor.com/Restaurant_Review-g294217-d2514791-Reviews-The_Market-Hong_Kong.html
"Sehr leckere Sushi, auch die Suppen sind k√∂stlich. Der Service ist sehr nett und zuvorkommend. Wir waren am letzen Tag...More",jensman58,4.0,https://www.tripadvisor.com/Restaurant_Review-g294217-d1024986-Reviews-NOBU_InterContinental_Hong_Kong-Hong_Kong.html
Most amazing dim sum we had in our two nights in Hong kong.  The food was of the highest quality for the lowest price.. this is our new favorite restaurant.  Allow time in your budget to wait for a table.  They will give you a...More,Sandie02,5.0,https://www.tripadvisor.com/Restaurant_Review-g294217-d2540306-Reviews-One_Dim_Sum_Chinese_Restaurant-Hong_Kong.html
"Awesome food. Look for Dave, best ever!
Good service!

Ambiance is also nice. Definitely we will.come back!",jjangPLDT,5.0,https://www.tripadvisor.com/Restaurant_Review-g294217-d2276403-Reviews-Bistecca_Italian_Steak_House-Hong_Kong.html
"I went to this place with my friend last night  and we had the best time at dinner. Food was delicious with a good value and i only wish we could have had room for dessert. Our server Calvin was very friendly, attentive and knowledgeable....More",512aartig,4.0,https://www.tripadvisor.com/Restaurant_Review-g294217-d2276403-Reviews-Bistecca_Italian_Steak_House-Hong_Kong.html
"We stopped off at Delaney's for a few afternoon drinks and were happy we did.

The drinks were cold and refreshing, the service was friendly and the location was great..

Recommended!",DannyB70,4.0,https://www.tripadvisor.com/Restaurant_Review-g294217-d1952785-Reviews-Delaney_s_Kowloon_Irish_Bar-Hong_Kong.html
"When we planned to have our first dinner gathering in the year of DOG, the first one come to our mind is Man Wah Restaurant at Mandarin Oriental Hotel. So we have a table booked for 10 people to celebrate this meaningful evening. All the...More",Wendy N,5.0,https://www.tripadvisor.com/Restaurant_Review-g294217-d1792423-Reviews-Man_Wah-Hong_Kong.html
We were very impressed with superior customer service especially Jessica Tsang. We enjoyed the high tea and view.More,samcH7426AP,5.0,https://www.tripadvisor.com/Restaurant_Review-g294217-d3600498-Reviews-Cafe_103-Hong_Kong.html
Very good food with excellent service. Reserved a Peking Duck in advance. It was good. Felt like the standouts though were Bird‚Äôs Nest soup and an amazing mushroom appetizer. Great view of the harbor too. Recommended.More,sonnyboy11,5.0,https://www.tripadvisor.com/Restaurant_Review-g294217-d927163-Reviews-Yan_Toh_Heen_InterContinental_Hong_Kong-Hong_Kong.html
"Perenially popular location, no booking, turn up, queue (not for long) and take a seat. Great buzz, good quality quickly served food. What more do you need?",GrahamL-S,4.0,https://www.tripadvisor.com/Restaurant_Review-g294217-d2706744-Reviews-Din_Tai_Fung_Yee_Wo_Branch-Hong_Kong.html
"I had seen many great reviews and also saw that it had Michelin stars, so I had to go and try!
The dining experience was amazing and unique! Especially with the French fusion with Asian cuisine.
Would love to visit again...along with family and friends!",LoB911,4.0,https://www.tripadvisor.com/Restaurant_Review-g294217-d939504-Reviews-Amber-Hong_Kong.html
"After 3 days in Hong Kong i need a different dinner and reading trip Advisor opinions i found this lovely place runned by 2 french guys. Great cheese selection
Really professional and we had really good time.",stefanobY1151RR,4.0,https://www.tripadvisor.com/Restaurant_Review-g294217-d8353573-Reviews-Scarlett_Cafe_Wine_Bar-Hong_Kong.html
"I Loved  the chinaware and the risk taken in every dish that were presented at our table.
I would have loved to meet the chef but sadly he never came out.
The service was very attentive and friendly.
The Sommelier howerer didn't shared his passion...More",Vonikazou,4.0,https://www.tripadvisor.com/Restaurant_Review-g294217-d939504-Reviews-Amber-Hong_Kong.html
ÏïºÏô∏Î∞îÏóêÏÑú Î∞îÎùºÎ≥¥Îäî ÏïºÍ≤ΩÏù¥ ÏµúÍ≥†ÏûÖÎãàÎã§...More,hyunkkk,5.0,https://www.tripadvisor.com/Restaurant_Review-g294217-d1052864-Reviews-Sevva-Hong_Kong.html
"I took my son here for his birthday. Though he's only a teenager the waiters looked after him extremely well. The food was excellent, the view exceptional, and I love all the little details that were remembered by the staff and that extra bit of...More",Antony S,5.0,https://www.tripadvisor.com/Restaurant_Review-g294217-d2161545-Reviews-Tosca_di_Angelo-Hong_Kong.html
"–ó–∞ –≥–∏–Ω–µ—Å—Å–æ–º, –∫–∏–ª–∫–µ–Ω–∏, –∫–∞—Ä—Ç–æ—Ñ–µ–ª—å–Ω—ã–º –ø—é—Ä–µ, –º–æ—Ä–∫–æ–≤–∫–æ–π –∏ —Ç—É—à–µ–Ω–æ–π –±–∞—Ä–∞–Ω–∏–Ω–æ–π —Å—é–¥–∞. –û–±—Å–ª—É–∂–∏–≤–∞–Ω–∏–µ –¥—Ä—É–∂–µ–ª—é–±–Ω–æ–µ, –ø—É–±–ª–∏–∫–∞ –≤—ã–ø–∏–≤–∞—é—â–∞—è. –¢–∏–ø–∏—á–Ω—ã–π –∏—Ä–ª–∞–Ω–¥—Å–∫–∏–π –ø–∞–±.  –ö —Å–æ–∂–∞–ª–µ–Ω–∏—é –Ω–∏—á–µ–≥–æ...More",mc_nac,4.0,https://www.tripadvisor.com/Restaurant_Review-g294217-d1952785-Reviews-Delaney_s_Kowloon_Irish_Bar-Hong_Kong.html
Din Tai Fung is hyped and chaotic. Always people waiting and staff too stressed to give you a decent and good service. We were a party of 8 and ordered lots of food. Waiters were so stressed that they did not smile nor present the...More,TranFamilyNorway,3.0,https://www.tripadvisor.com/Restaurant_Review-g294217-d2706744-Reviews-Din_Tai_Fung_Yee_Wo_Branch-Hong_Kong.html
"Forgot when they started the weekday dinner promotion. 

I have been here for drinks and afternoon tea more than 10 times. It is really popular place and to ensure a table please book in advance. 

About the weekday dinner, unlimited side dish with 1 main...More",114sandyr,5.0,https://www.tripadvisor.com/Restaurant_Review-g294217-d2166297-Reviews-The_Lounge_Bar-Hong_Kong.html
È¶ôÊ∏Ø„Åß„ÄÅÈ¶ôÊ∏Ø„ÇíÊÑü„Åò„Å™„ÅÑ„É¨„Çπ„Éà„É©„É≥„ÄÇ„É≠„É≥„Éâ„É≥„ÅÆ„Éè„ÉÉ„Ç´„Çµ„É≥„ÇíÊÄù„ÅÑÂá∫„ÅôÁ©∫Èñì„Åß„Åó„Åü„ÄÇÊñôÁêÜ„ÅØ„Å©„Çå„ÇÇÁ¥çÂæó„ÅÆ„ÅäÂë≥„ÄÇ‰∫àÁ¥ÑÊôÇ„Å´„Ç™„Éº„Éó„É≥„Ç≠„ÉÉ...More,kaytaro,5.0,https://www.tripadvisor.com/Restaurant_Review-g294217-d6579151-Reviews-Mott_32-Hong_Kong.html
"From start right until finish, from the entrance, to the music to the view to the service- absolutely stunning.

Yet again another night out with my boyfriend, our evening started by being seated right in the middle of the restaurant, after a request to move...More",695maxm,4.0,https://www.tripadvisor.com/Restaurant_Review-g294217-d786786-Reviews-Isola_Bar_Grill-Hong_Kong.html
"Mucho pijerio. Se ve la ciudad iluminada, al lado del Bank of China. Ideal para unas copas y ver el...More",Cat122011,5.0,https://www.tripadvisor.com/Restaurant_Review-g294217-d1052864-Reviews-Sevva-Hong_Kong.html
"My first time to try different dim sum and it was a great experience. When we got there, there is already a long line of people despite of the rain. 

Waiting time is reasonable as people there is eat and go. Price is good value...More",silvak2013,5.0,https://www.tripadvisor.com/Restaurant_Review-g294217-d2540306-Reviews-One_Dim_Sum_Chinese_Restaurant-Hong_Kong.html
"They offer 3 types of oysters and are very fresh.  There are lobsters, crabs, prawns and abalones.  The cooked dishes, both Western and Asian, are also delicious.  
What impressed me most is the service.  The staff always manage to smile!  They are very professional, friendly...More",Effie2019,5.0,https://www.tripadvisor.com/Restaurant_Review-g294217-d1027723-Reviews-Clipper_Lounge-Hong_Kong.html
"WORSt  food in hong kong,  very awful and unpleasent waiters, very very expensive, very expensive for nothing....don't go there it's a swindle...it was my worst experience in hong kong....",Selma2014,1.0,https://www.tripadvisor.com/Restaurant_Review-g294217-d1052864-Reviews-Sevva-Hong_Kong.html
The Peak ist ein Restaurant mit mediteraner Einrichtung und gleicht einer Finca in Spanien. Gutes Essen ausgesuchte aber teure Weine....More,Marco S,4.0,https://www.tripadvisor.com/Restaurant_Review-g294217-d788642-Reviews-The_Peak_Lookout-Hong_Kong.html
ÈÄôÊ¨°ÁöÑÁõÆÁöÑÊòØÁÇ∫‰∫Ü‰∏ÄÂöê‰∏≠Âºèafternoo...More,Anncici,5.0,https://www.tripadvisor.com/Restaurant_Review-g294217-d2390123-Reviews-Above_and_Beyond-Hong_Kong.html
"Excellent service. 2 points of surprise, first the bread served was far from interesting, just a mini white mushy loaf with nothing interesting about it. And the lack of choice - take the set menu or else. I had been hoping for a nice juicy...More",Safemach,4.0,https://www.tripadvisor.com/Restaurant_Review-g294217-d941989-Reviews-Mandarin_Grill_Bar_at_Mandarin_Oriental_Hong_Kong-Hong_Kong.html
"For less than 200HKD(lunch), you can eat as much meat as you want. The beef was very tender, and the pork ribs were my absolute favourite(even though I usually don't like ribs).
Wide selection of food at the salad bar: the pumpkin salad and the...More",Liupkiu,5.0,https://www.tripadvisor.com/Restaurant_Review-g294217-d7808139-Reviews-Braza_Churrascaria_Brazilian_Steakhouse-Hong_Kong.html
"I've had better steaks and paid less, even in Hong Kong.

Good ambience & service.

Loved the bone marrow but the quality of the steaks were just average.

For the price you pay, you would expect more.",MuneerH,3.0,https://www.tripadvisor.com/Restaurant_Review-g294217-d2276403-Reviews-Bistecca_Italian_Steak_House-Hong_Kong.html
"Living in HK, this is one place nearly all visitors like to visit given the amazing outlook it has over Hong Kong and Kowloon as it's over 1500ft above sea level and perched on the peninsula of Kowloon.  On my last visit we took 6...More",redmini7,3.0,https://www.tripadvisor.com/Restaurant_Review-g294217-d2198231-Reviews-OZONE-Hong_Kong.html
"While staying at the hotel we dined here to celebrate our anniversary. It was National Day in Hong Kong and we were accommodated at a fabulous window table from which we watched the fireworks. Andy Au, the restaurant manager, was so helpful with advice about...More",zed1313,5.0,https://www.tripadvisor.com/Restaurant_Review-g294217-d1792423-Reviews-Man_Wah-Hong_Kong.html
Visited Clipper Lounge with my partner on 9th Sep. We ordered scone and desserts for afternoon tea. Food and drinks are good as usual. Impressed with the helpful and friendly service by Paul and Teresa. Thank you for giving us a relaxing afternoon.More,michellelalam,5.0,https://www.tripadvisor.com/Restaurant_Review-g294217-d1027723-Reviews-Clipper_Lounge-Hong_Kong.html
Nulla da dire sul posto. Il panorama su Hong Kong di sera √® davvero bello. Anche il mangiare √® curato...More,Umberto M,4.0,https://www.tripadvisor.com/Restaurant_Review-g294217-d786786-Reviews-Isola_Bar_Grill-Hong_Kong.html
"One of the best places to see the HK skyline. Drinks are ridiculously expensive, as expected for a place that offers this kind of views. Worth going for one drink and enjoying the view but tons of better bars in HK.More",broy7,4.0,https://www.tripadvisor.com/Restaurant_Review-g294217-d2198231-Reviews-OZONE-Hong_Kong.html
"Always a safe choice, especially if you're going with a group. Nice environment, friendly staff, delicious foods. There's a reason why it's been around for ages! Wide selection of all sorts of Tikka, tandoori, Naan, roti, everything.More",vtc950,4.0,https://www.tripadvisor.com/Restaurant_Review-g294217-d799250-Reviews-Bombay_Dreams-Hong_Kong.html
"Great place for fast & freindly service, with goood food at fair prices.  Always fresh. However, management has changed their dinner menu back to a fast-food bar menu which - to me - is not of interest when I am looking for dinner.  The foods...More",631Vinnie75,4.0,https://www.tripadvisor.com/Restaurant_Review-g294217-d1952785-Reviews-Delaney_s_Kowloon_Irish_Bar-Hong_Kong.html
"I was so excited to see this restaurant listed as we planned our trip to Hong Kong! I was just in Ireland in June, and I was truly anticipating a great break from the standard Chinese fare we've been living with in Henan. Delaney's didn't...More",ldunnreier,4.0,https://www.tripadvisor.com/Restaurant_Review-g294217-d1952785-Reviews-Delaney_s_Kowloon_Irish_Bar-Hong_Kong.html
"The thing I appreciate the most about the experience at Carpaccio has been the great service. The owner is ready to help you with menu suggesting what to order according to your taste. 

I only tried pizza and, as italian, I must say it has...More",Andrea A,4.0,https://www.tripadvisor.com/Restaurant_Review-g294217-d1880782-Reviews-Carpaccio_Pasta_Pizza_Vino-Hong_Kong.html
"Delicious lunch in a superb setting where you are not sitting on top of the next table..  Excellent, friendly service.  A bit pricey - over HK$1,100 for a set lunch for two, with no alcohol, just water and coffee. Worth it for that special occasion,...More",WeeRobbo_12,5.0,https://www.tripadvisor.com/Restaurant_Review-g294217-d1811943-Reviews-Cafe_Gray_Deluxe-Hong_Kong.html
"W had a great meal and evening in Tosca last Friday night. Food was great. We were particularly impressed by one of the staff there, called Addis for his thorough understanding of the cuisines and clear explanation of the dishes we ordered. Moreover, his heart-touching...More",HeyJu2014,5.0,https://www.tripadvisor.com/Restaurant_Review-g294217-d2161545-Reviews-Tosca_di_Angelo-Hong_Kong.html
"On holidays in Hong Kong and my hubby wanted to watch the football back home. 
He searched and found this little gem .
Jean welcomed us into the bar as if we were locals 
A great atmosphere and great food 
We would highly recommend this...More",Tongil,5.0,https://www.tripadvisor.com/Restaurant_Review-g294217-d1952785-Reviews-Delaney_s_Kowloon_Irish_Bar-Hong_Kong.html
This is undoubtedly fairly expensive but it is a lovely old building with a beautiful garden area with some great views and you are at the peak in Hong Kong so what do you expect. It's quiet calm and relaxed and a different world from...More,Richansa,4.0,https://www.tripadvisor.com/Restaurant_Review-g294217-d788642-Reviews-The_Peak_Lookout-Hong_Kong.html
"Celebration dinner here today! delicious food especially the ribeye and mushroom soup! Staff are very nice, helpful and polite. Every time we mess up the table they helped us tidy it up quickly.  We ordered a chocolate cake and their staff, samita and Addis, surprisingly...More",Applelover826,5.0,https://www.tripadvisor.com/Restaurant_Review-g294217-d2166297-Reviews-The_Lounge_Bar-Hong_Kong.html
"One if the best Yum Cha's in Hong Kong. This is a chain of stores, but all maintain a high standard. Ask for an English menu , and tick the order forms with the quantity you want. Pork buns & Shrimp dumplings & dim Sims...More",Greg Q,5.0,https://www.tripadvisor.com/Restaurant_Review-g294217-d2540306-Reviews-One_Dim_Sum_Chinese_Restaurant-Hong_Kong.html
"So we came to Capo for lunch on a wednesday afternoon. Not crowded, awesome background music and genuine Italian feeling from the start.

We ordered their Signature cold cuts with Burrata and OMG ! so goooooood ! Paired with a light italian beer and some...More",Julien G,5.0,https://www.tripadvisor.com/Restaurant_Review-g294217-d10089430-Reviews-Capo-Hong_Kong.html
"I went here because it was recommended by my hotel. It‚Äôs an Italian restaurant, but not European standard at all. I had a flavorless, basic overpriced pasta. The service and view was good though. Just next to a shopping center so also convenient if you...More",jonasr727,3.0,https://www.tripadvisor.com/Restaurant_Review-g294217-d2165749-Reviews-AL_MOLO_RISTORANTE_ITALIANO_Michael_White-Hong_Kong.html
"Great food, great ambience, though a bit pricey. It was a memorable meal, thank goodness someone else was paying!",thegreatchris,5.0,https://www.tripadvisor.com/Restaurant_Review-g294217-d1024986-Reviews-NOBU_InterContinental_Hong_Kong-Hong_Kong.html
"Peking duck (ordered in advance) just melts in your mouth. Second course of fried rice had a great crunchy texture. Signature cod was wonderfully smoky and crispy. Service was attentive and professional. Would recommend to friends, would visit again.",cj0823,5.0,https://www.tripadvisor.com/Restaurant_Review-g294217-d6579151-Reviews-Mott_32-Hong_Kong.html
"If you are looking for a Dim Sum meal, definitely go here. Food was fab! Very popular place and casual. Reasonable priced and easy to order. Our teenagers loved it!",Rosscodad,5.0,https://www.tripadvisor.com/Restaurant_Review-g294217-d2540306-Reviews-One_Dim_Sum_Chinese_Restaurant-Hong_Kong.html
The staff and service is amazing. They will take care of your every need and they go above and beyond.More,tjjones425,5.0,https://www.tripadvisor.com/Restaurant_Review-g294217-d2166297-Reviews-The_Lounge_Bar-Hong_Kong.html
Once again Trip Advisor played a blinder in helping me to find a great place to eat in an area I am not familiar with. You would not 'happen across' this place by chance; it is on the third floor of a shopping mall so...More,scottng15,5.0,https://www.tripadvisor.com/Restaurant_Review-g294217-d1880782-Reviews-Carpaccio_Pasta_Pizza_Vino-Hong_Kong.html
Everything was excellent. Long line all day especially during peak meal hours but if you go very early or very late the wait is not bad. Can also do take out. If you can't read Chinese compare and double check because I apparently I chose...More,mysticpenguin,5.0,https://www.tripadvisor.com/Restaurant_Review-g294217-d2540306-Reviews-One_Dim_Sum_Chinese_Restaurant-Hong_Kong.html
Best dim sum we have had in HK. We ate here twice in 3 days. Both times the food was delicious and the staff are very pleasant which can be hard to find in HK.,sarahmc69,5.0,https://www.tripadvisor.com/Restaurant_Review-g294217-d2706744-Reviews-Din_Tai_Fung_Yee_Wo_Branch-Hong_Kong.html
"It definitely serves the best Cantonese cuisines in Hong Kong. Barbecue pork and scallop with black truffle are highly recommended.  

The private dining room is spacious and had great ambiance.The amazing view from the 101th floor is a bonus indeed.

Great attentive service! From the...More",Dan L,5.0,https://www.tripadvisor.com/Restaurant_Review-g294217-d2399904-Reviews-Tin_Lung_Heen-Hong_Kong.html
Love the interiors. We got a table in the semi-private room where there are only a few tables and the walls have those chinese brushes on display. The other tables arrived later so for a time we got the whole area to ourselves kinda like...More,snowee b,4.0,https://www.tripadvisor.com/Restaurant_Review-g294217-d6579151-Reviews-Mott_32-Hong_Kong.html
"The view is amazing and the very good reason to go here. But you pay for it. 240 HK dollar (AFAIR) for a GT. Well, well. On the other hand, you don't pay for the elevator.

As I wasn't surprised by the prices, I was...More",TorbenA956,3.0,https://www.tripadvisor.com/Restaurant_Review-g294217-d2198231-Reviews-OZONE-Hong_Kong.html
"Absolutely breathtaking experience today at the Lounge and Bar. On level 103, you have stunning views of Hong Kong and the sea. 

The wait staff, particularly Hin and Benson, are incredibly kind and made my experience incredibly memorable. I ordered the ""Weekend In Hong Kong""...More",Christina R,5.0,https://www.tripadvisor.com/Restaurant_Review-g294217-d2166297-Reviews-The_Lounge_Bar-Hong_Kong.html
"Yan Toh Heen has always been one of my top 3 favourite Chinese restaurants in Hong Kong. The food is very delicious and has never disappointed me. I particularly like its premiere set lunch as I can enjoy signature dim sums, double boiled fish maw...More",mrstsh,5.0,https://www.tripadvisor.com/Restaurant_Review-g294217-d927163-Reviews-Yan_Toh_Heen_InterContinental_Hong_Kong-Hong_Kong.html
"Din Tai Fung continually impresses us with their high quality xiao long bao, and other speciality dishes. Highly recommend!",TravelsinTranslation,5.0,https://www.tripadvisor.com/Restaurant_Review-g294217-d2706744-Reviews-Din_Tai_Fung_Yee_Wo_Branch-Hong_Kong.html
"Such delicious foods and a wonderful down-to-earth staff. Always friendly to enjoy lunch or dinner and drinks. A must go to restaurant in Hong Kong, I recommend the meat lasagna it'll rock your taste buds!",Andrew V,5.0,https://www.tripadvisor.com/Restaurant_Review-g294217-d10089430-Reviews-Capo-Hong_Kong.html
"I had high expectations of this place and although the food was nice enough I would not visit again as it was really expensive, slightly too posh for me and did lack atmosphere, the food was nice enough but just different and the service was...More",tmp025,3.0,https://www.tripadvisor.com/Restaurant_Review-g294217-d938999-Reviews-Peking_Garden_Restaurant_Alexandra_House-Hong_Kong.html
"The food is excellent, I love the vibe of the place, the staff are very friendly and accommodating, shout to Melinda, Chef Jason and Lisa. üôå

If your looking for a place to dine with a sumptous food and excellent vibe? You guys should check...More",jayniferb,5.0,https://www.tripadvisor.com/Restaurant_Review-g294217-d8353573-Reviews-Scarlett_Cafe_Wine_Bar-Hong_Kong.html
"I usually dine in the Italian restaurant in The Ritz Carlton, which is one of my favorite ever, but this time I brought some friends from Europe to experience the cantonese cuisine. I have been surprised from the beginning til the end of the meal....More",Luke A,5.0,https://www.tripadvisor.com/Restaurant_Review-g294217-d2399904-Reviews-Tin_Lung_Heen-Hong_Kong.html
"Not the first time I have been there, but maybe the last. Got a table outside, view looking back @ HK was great. Had visitors from Australia who were looking forward to some lovely Pasta, but the service was very poor, got the excuse ""New...More",simonf815,2.0,https://www.tripadvisor.com/Restaurant_Review-g294217-d2165749-Reviews-AL_MOLO_RISTORANTE_ITALIANO_Michael_White-Hong_Kong.html
